,data.data.etotal(W),data.data.ecpu(W),data.data.edram(W),data.arch.gemini-1.arch.0.data.ecpu(W),data.arch.gemini-1.arch.0.data.edram(W),data.arch.gemini-1.arch.1.data.ecpu(W),data.arch.gemini-1.arch.1.data.edram(W),timestamp,jobid,command
0,166.747,141.133,25.614,71.699,12.541,69.434,13.073,2022-09-28 17:33:00.943,20220928193300,ep.D.x
1,166.747,141.133,25.614,71.699,12.541,69.434,13.073,2022-09-28 17:33:01.443,20220928193300,ep.D.x
2,166.446,140.923,25.523,71.526,12.438,69.397,13.085,2022-09-28 17:33:01.943,20220928193300,ep.D.x
3,166.349,140.832,25.517,71.527,12.492,69.305,13.025,2022-09-28 17:33:02.443,20220928193300,ep.D.x
4,166.344,140.837,25.507,71.407,12.435,69.43,13.072,2022-09-28 17:33:02.943,20220928193300,ep.D.x
5,166.404,140.778,25.626,71.434,12.457,69.344,13.169,2022-09-28 17:33:03.443,20220928193300,ep.D.x
6,172.271,145.705,26.566,65.858,11.52,79.847,15.046,2022-09-28 17:33:03.943,20220928193300,ep.D.x
7,180.723,155.749,24.974,76.776,11.938,78.973,13.036,2022-09-28 17:33:04.443,20220928193300,ep.D.x
8,183.414,158.719,24.695,79.577,12.054,79.142,12.641,2022-09-28 17:33:04.943,20220928193300,ep.D.x
9,200.456,174.583,25.873,87.304,12.374,87.279,13.499,2022-09-28 17:33:05.443,20220928193300,ep.D.x
10,199.362,173.496,25.866,87.625,12.474,85.871,13.392,2022-09-28 17:33:05.943,20220928193300,ep.D.x
11,197.436,171.582,25.854,88.191,12.651,83.391,13.203,2022-09-28 17:33:06.443,20220928193300,ep.D.x
12,196.756,171.074,25.682,87.551,12.542,83.523,13.14,2022-09-28 17:33:06.943,20220928193300,ep.D.x
13,196.313,170.743,25.57,87.134,12.471,83.609,13.099,2022-09-28 17:33:07.443,20220928193300,ep.D.x
14,196.851,171.454,25.397,87.97,12.491,83.484,12.906,2022-09-28 17:33:07.943,20220928193300,ep.D.x
15,196.957,171.545,25.412,88.083,12.497,83.462,12.915,2022-09-28 17:33:08.443,20220928193300,ep.D.x
16,196.889,170.945,25.944,87.45,12.515,83.495,13.429,2022-09-28 17:33:08.943,20220928193300,ep.D.x
17,196.67,170.923,25.747,87.444,12.493,83.479,13.254,2022-09-28 17:33:09.443,20220928193300,ep.D.x
18,196.211,170.875,25.336,87.431,12.448,83.444,12.888,2022-09-28 17:33:09.943,20220928193300,ep.D.x
19,196.277,170.721,25.556,87.227,12.537,83.494,13.019,2022-09-28 17:33:10.443,20220928193300,ep.D.x
20,196.331,170.606,25.725,87.073,12.606,83.533,13.119,2022-09-28 17:33:10.943,20220928193300,ep.D.x
21,196.11,170.75,25.36,87.455,12.419,83.295,12.941,2022-09-28 17:33:11.443,20220928193300,ep.D.x
22,196.082,170.813,25.269,87.551,12.37,83.262,12.899,2022-09-28 17:33:11.943,20220928193300,ep.D.x
23,197.985,172.269,25.716,87.125,12.423,85.144,13.293,2022-09-28 17:33:12.443,20220928193300,ep.D.x
24,197.227,171.58,25.647,87.134,12.431,84.446,13.216,2022-09-28 17:33:12.943,20220928193300,ep.D.x
25,195.074,169.621,25.453,87.16,12.454,82.461,12.999,2022-09-28 17:33:13.443,20220928193300,ep.D.x
26,196.336,170.791,25.545,87.753,12.501,83.038,13.044,2022-09-28 17:33:13.943,20220928193300,ep.D.x
27,197.704,172.059,25.645,88.395,12.552,83.664,13.093,2022-09-28 17:33:14.443,20220928193300,ep.D.x
28,196.676,171.496,25.18,87.837,12.56,83.659,12.62,2022-09-28 17:33:14.943,20220928193300,ep.D.x
29,196.283,171.28,25.003,87.624,12.563,83.656,12.44,2022-09-28 17:33:15.443,20220928193300,ep.D.x
30,197.438,171.334,26.104,87.662,12.546,83.672,13.558,2022-09-28 17:33:15.943,20220928193300,ep.D.x
31,197.387,171.426,25.961,87.994,12.562,83.432,13.399,2022-09-28 17:33:16.443,20220928193300,ep.D.x
32,197.156,171.637,25.519,88.766,12.601,82.871,12.918,2022-09-28 17:33:16.943,20220928193300,ep.D.x
33,194.708,169.312,25.396,86.164,12.326,83.148,13.07,2022-09-28 17:33:17.443,20220928193300,ep.D.x
34,193.077,167.762,25.315,84.429,12.143,83.333,13.172,2022-09-28 17:33:17.943,20220928193300,ep.D.x
35,198.95,173.133,25.817,88.809,12.605,84.324,13.212,2022-09-28 17:33:18.443,20220928193300,ep.D.x
36,199.606,173.724,25.882,89.28,12.658,84.444,13.224,2022-09-28 17:33:18.943,20220928193300,ep.D.x
37,196.465,170.772,25.693,86.782,12.425,83.99,13.268,2022-09-28 17:33:19.443,20220928193300,ep.D.x
38,196.423,170.824,25.599,86.95,12.43,83.874,13.169,2022-09-28 17:33:19.943,20220928193300,ep.D.x
39,196.344,170.921,25.423,87.263,12.438,83.658,12.985,2022-09-28 17:33:20.443,20220928193300,ep.D.x
40,198.29,172.623,25.667,88.495,12.549,84.128,13.118,2022-09-28 17:33:20.943,20220928193300,ep.D.x
41,199.819,173.961,25.858,89.464,12.636,84.497,13.222,2022-09-28 17:33:21.443,20220928193300,ep.D.x
42,194.844,169.407,25.437,86.237,12.426,83.17,13.011,2022-09-28 17:33:21.943,20220928193300,ep.D.x
43,193.809,168.462,25.347,85.572,12.382,82.89,12.965,2022-09-28 17:33:22.443,20220928193300,ep.D.x
44,196.37,170.973,25.397,87.647,12.463,83.326,12.934,2022-09-28 17:33:22.943,20220928193300,ep.D.x
45,196.723,171.299,25.424,87.812,12.424,83.487,13.0,2022-09-28 17:33:23.443,20220928193300,ep.D.x
46,197.97,172.456,25.514,88.397,12.283,84.059,13.231,2022-09-28 17:33:23.943,20220928193300,ep.D.x
47,197.649,172.039,25.61,88.354,12.477,83.685,13.133,2022-09-28 17:33:24.443,20220928193300,ep.D.x
48,197.255,171.526,25.729,88.301,12.716,83.225,13.013,2022-09-28 17:33:24.943,20220928193300,ep.D.x
49,197.348,171.512,25.836,87.762,12.593,83.75,13.243,2022-09-28 17:33:25.443,20220928193300,ep.D.x
50,197.388,171.506,25.882,87.54,12.543,83.966,13.339,2022-09-28 17:33:25.943,20220928193300,ep.D.x
51,196.267,170.93,25.337,87.211,12.453,83.719,12.884,2022-09-28 17:33:26.443,20220928193300,ep.D.x
52,196.294,170.966,25.328,87.249,12.451,83.717,12.877,2022-09-28 17:33:26.943,20220928193300,ep.D.x
53,196.765,171.309,25.456,87.524,12.47,83.785,12.986,2022-09-28 17:33:27.443,20220928193300,ep.D.x
54,196.877,171.376,25.501,87.551,12.429,83.825,13.072,2022-09-28 17:33:27.943,20220928193300,ep.D.x
55,197.06,171.485,25.575,87.595,12.364,83.89,13.211,2022-09-28 17:33:28.443,20220928193300,ep.D.x
56,196.775,171.206,25.569,87.325,12.431,83.881,13.138,2022-09-28 17:33:28.943,20220928193300,ep.D.x
57,196.604,171.04,25.564,87.165,12.47,83.875,13.094,2022-09-28 17:33:29.443,20220928193300,ep.D.x
58,196.919,171.208,25.711,87.236,12.587,83.972,13.124,2022-09-28 17:33:29.943,20220928193300,ep.D.x
59,196.887,171.175,25.712,87.239,12.574,83.936,13.138,2022-09-28 17:33:30.443,20220928193300,ep.D.x
60,195.943,170.502,25.441,87.142,12.206,83.36,13.235,2022-09-28 17:33:30.943,20220928193300,ep.D.x
61,196.653,171.175,25.478,87.602,12.311,83.573,13.167,2022-09-28 17:33:31.443,20220928193300,ep.D.x
62,198.46,172.887,25.573,88.773,12.579,84.114,12.994,2022-09-28 17:33:31.943,20220928193300,ep.D.x
63,197.707,172.169,25.538,88.207,12.516,83.962,13.022,2022-09-28 17:33:32.443,20220928193300,ep.D.x
64,197.03,171.522,25.508,87.697,12.46,83.825,13.048,2022-09-28 17:33:32.943,20220928193300,ep.D.x
65,197.708,172.079,25.629,88.244,12.566,83.835,13.063,2022-09-28 17:33:33.443,20220928193300,ep.D.x
66,197.894,172.231,25.663,88.393,12.595,83.838,13.068,2022-09-28 17:33:33.943,20220928193300,ep.D.x
67,196.267,170.787,25.48,86.918,12.355,83.869,13.125,2022-09-28 17:33:34.443,20220928193300,ep.D.x
68,196.584,171.049,25.535,87.1,12.387,83.949,13.148,2022-09-28 17:33:34.943,20220928193300,ep.D.x
69,197.669,171.944,25.725,87.721,12.5,84.223,13.225,2022-09-28 17:33:35.443,20220928193300,ep.D.x
70,196.993,171.377,25.616,87.523,12.456,83.854,13.16,2022-09-28 17:33:35.943,20220928193300,ep.D.x
71,196.343,170.832,25.511,87.332,12.414,83.5,13.097,2022-09-28 17:33:36.443,20220928193300,ep.D.x
72,197.871,172.33,25.541,88.529,12.457,83.801,13.084,2022-09-28 17:33:36.943,20220928193300,ep.D.x
73,198.414,172.862,25.552,88.954,12.473,83.908,13.079,2022-09-28 17:33:37.443,20220928193300,ep.D.x
74,198.061,172.211,25.85,88.136,12.7,84.075,13.15,2022-09-28 17:33:37.943,20220928193300,ep.D.x
75,197.885,172.184,25.701,88.234,12.596,83.95,13.105,2022-09-28 17:33:38.443,20220928193300,ep.D.x
76,197.348,172.122,25.226,88.567,12.264,83.555,12.962,2022-09-28 17:33:38.943,20220928193300,ep.D.x
77,195.865,170.536,25.329,87.174,12.36,83.362,12.969,2022-09-28 17:33:39.443,20220928193300,ep.D.x
78,194.393,168.962,25.431,85.792,12.455,83.17,12.976,2022-09-28 17:33:39.943,20220928193300,ep.D.x
79,195.272,169.904,25.368,85.882,12.309,84.022,13.059,2022-09-28 17:33:40.443,20220928193300,ep.D.x
80,195.609,170.266,25.343,85.916,12.253,84.35,13.09,2022-09-28 17:33:40.943,20220928193300,ep.D.x
81,200.799,174.744,26.055,89.99,12.79,84.754,13.265,2022-09-28 17:33:41.443,20220928193300,ep.D.x
82,200.42,174.441,25.979,89.853,12.759,84.588,13.22,2022-09-28 17:33:41.943,20220928193300,ep.D.x
83,198.083,172.508,25.575,88.592,12.545,83.916,13.03,2022-09-28 17:33:42.443,20220928193300,ep.D.x
84,197.215,171.607,25.608,87.658,12.562,83.949,13.046,2022-09-28 17:33:42.943,20220928193300,ep.D.x
85,196.238,170.591,25.647,86.606,12.582,83.985,13.065,2022-09-28 17:33:43.443,20220928193300,ep.D.x
86,196.304,170.85,25.454,86.886,12.394,83.964,13.06,2022-09-28 17:33:43.943,20220928193300,ep.D.x
87,196.331,170.954,25.377,86.999,12.319,83.955,13.058,2022-09-28 17:33:44.443,20220928193300,ep.D.x
88,198.505,172.9,25.605,88.847,12.452,84.053,13.153,2022-09-28 17:33:44.943,20220928193300,ep.D.x
89,198.568,172.892,25.676,88.901,12.492,83.991,13.184,2022-09-28 17:33:45.443,20220928193300,ep.D.x
90,197.926,171.941,25.985,88.356,12.663,83.585,13.322,2022-09-28 17:33:45.943,20220928193300,ep.D.x
91,197.86,172.099,25.761,87.756,12.554,84.343,13.207,2022-09-28 17:33:46.443,20220928193300,ep.D.x
92,197.754,172.344,25.41,86.816,12.383,85.528,13.027,2022-09-28 17:33:46.943,20220928193300,ep.D.x
93,196.657,171.23,25.427,87.305,12.501,83.925,12.926,2022-09-28 17:33:47.443,20220928193300,ep.D.x
94,195.908,170.469,25.439,87.639,12.582,82.83,12.857,2022-09-28 17:33:47.943,20220928193300,ep.D.x
95,195.898,170.395,25.503,86.699,12.473,83.696,13.03,2022-09-28 17:33:48.443,20220928193300,ep.D.x
96,195.945,170.419,25.526,86.501,12.449,83.918,13.077,2022-09-28 17:33:48.943,20220928193300,ep.D.x
97,198.606,172.718,25.888,88.69,12.658,84.028,13.23,2022-09-28 17:33:49.443,20220928193300,ep.D.x
98,197.45,171.86,25.59,88.304,12.608,83.556,12.982,2022-09-28 17:33:49.943,20220928193300,ep.D.x
99,194.474,169.651,24.823,87.309,12.48,82.342,12.343,2022-09-28 17:33:50.443,20220928193300,ep.D.x
100,196.688,170.732,25.956,93.99,13.532,76.742,12.424,2022-09-28 17:33:50.943,20220928193300,ep.D.x
101,188.079,161.599,26.48,89.646,13.697,71.953,12.783,2022-09-28 17:33:51.443,20220928193300,ep.D.x
102,172.605,146.962,25.643,74.37,12.507,72.592,13.136,2022-09-28 17:33:51.943,20220928193300,ep.D.x
103,171.255,145.61,25.645,73.734,12.564,71.876,13.081,2022-09-28 17:33:52.443,20220928193300,ep.D.x
104,169.256,143.533,25.723,72.763,12.616,70.77,13.107,2022-09-28 17:33:52.943,20220928193300,ep.D.x
105,167.452,141.801,25.651,72.009,12.525,69.792,13.126,2022-09-28 17:33:53.443,20220928193300,ep.D.x
106,167.251,141.638,25.613,71.955,12.503,69.683,13.11,2022-09-28 17:33:53.943,20220928193300,ep.D.x
107,167.343,141.674,25.669,71.893,12.542,69.781,13.127,2022-09-28 17:33:54.443,20220928193300,ep.D.x
108,167.42,141.76,25.66,71.99,12.557,69.77,13.103,2022-09-28 17:33:54.943,20220928193300,ep.D.x
109,167.212,141.562,25.65,71.873,12.549,69.689,13.101,2022-09-28 17:33:55.443,20220928193300,ep.D.x
110,167.258,141.698,25.56,71.907,12.458,69.791,13.102,2022-09-28 17:33:55.943,20220928193300,ep.D.x
111,167.674,142.016,25.658,72.004,12.568,70.012,13.09,2022-09-28 17:33:56.443,20220928193300,ep.D.x
112,167.19,141.544,25.646,71.746,12.529,69.798,13.117,2022-09-28 17:33:56.943,20220928193300,ep.D.x
113,167.212,141.583,25.629,71.785,12.483,69.798,13.146,2022-09-28 17:33:57.443,20220928193300,ep.D.x
114,167.348,141.73,25.618,71.828,12.522,69.902,13.096,2022-09-28 17:33:57.943,20220928193300,ep.D.x
115,167.202,141.598,25.604,71.809,12.542,69.789,13.062,2022-09-28 17:33:58.443,20220928193300,ep.D.x
116,167.264,141.752,25.512,71.898,12.445,69.854,13.067,2022-09-28 17:33:58.943,20220928193300,ep.D.x
117,167.054,141.455,25.599,71.806,12.521,69.649,13.078,2022-09-28 17:33:59.443,20220928193300,ep.D.x
118,167.286,141.661,25.625,71.883,12.557,69.778,13.068,2022-09-28 17:33:59.943,20220928193300,ep.D.x
119,167.083,141.461,25.622,71.761,12.526,69.7,13.096,2022-09-28 17:34:00.443,20220928193300,ep.D.x
120,167.181,141.683,25.498,71.847,12.497,69.836,13.001,2022-09-28 17:34:00.943,20220928193300,ep.D.x
121,167.12,141.439,25.681,71.725,12.567,69.714,13.114,2022-09-28 17:34:01.443,20220928193300,ep.D.x
122,167.2,141.451,25.749,71.74,12.6,69.711,13.149,2022-09-28 17:34:01.943,20220928193300,ep.D.x
123,167.173,141.509,25.664,71.81,12.574,69.699,13.09,2022-09-28 17:34:02.443,20220928193300,ep.D.x
124,167.297,141.666,25.631,71.798,12.53,69.868,13.101,2022-09-28 17:34:02.943,20220928193300,ep.D.x
125,167.251,141.657,25.594,71.789,12.543,69.868,13.051,2022-09-28 17:34:03.443,20220928193300,ep.D.x
126,167.183,141.4,25.783,71.697,12.633,69.703,13.15,2022-09-28 17:34:03.943,20220928193300,ep.D.x
127,167.119,141.51,25.609,71.761,12.52,69.749,13.089,2022-09-28 17:34:04.443,20220928193300,ep.D.x
128,167.121,141.395,25.726,71.668,12.616,69.727,13.11,2022-09-28 17:34:04.943,20220928193300,ep.D.x
0,167.329,141.577,25.752,71.966,12.663,69.611,13.089,2022-09-28 17:36:11.571,20220928193611,lu.C.x
1,167.329,141.577,25.752,71.966,12.663,69.611,13.089,2022-09-28 17:36:12.071,20220928193611,lu.C.x
2,166.488,140.881,25.607,71.528,12.538,69.353,13.069,2022-09-28 17:36:12.571,20220928193611,lu.C.x
3,166.32,140.831,25.489,71.568,12.441,69.263,13.048,2022-09-28 17:36:13.071,20220928193611,lu.C.x
4,166.611,141.037,25.574,71.652,12.496,69.385,13.078,2022-09-28 17:36:13.571,20220928193611,lu.C.x
5,166.428,140.815,25.613,71.564,12.541,69.251,13.072,2022-09-28 17:36:14.071,20220928193611,lu.C.x
6,170.612,143.892,26.72,71.825,12.634,72.067,14.086,2022-09-28 17:36:14.571,20220928193611,lu.C.x
7,216.905,172.319,44.586,83.515,19.439,88.804,25.147,2022-09-28 17:36:15.071,20220928193611,lu.C.x
8,209.804,167.109,42.695,81.703,17.791,85.406,24.904,2022-09-28 17:36:15.571,20220928193611,lu.C.x
9,212.23,169.555,42.675,85.036,18.13,84.519,24.545,2022-09-28 17:36:16.071,20220928193611,lu.C.x
10,230.451,183.815,46.636,95.392,21.556,88.423,25.08,2022-09-28 17:36:16.571,20220928193611,lu.C.x
11,217.516,173.503,44.013,87.662,19.698,85.841,24.315,2022-09-28 17:36:17.071,20220928193611,lu.C.x
12,217.935,174.403,43.532,88.126,19.79,86.277,23.742,2022-09-28 17:36:17.571,20220928193611,lu.C.x
13,216.66,172.634,44.026,85.531,19.819,87.103,24.207,2022-09-28 17:36:18.071,20220928193611,lu.C.x
14,217.676,172.704,44.972,84.986,20.451,87.718,24.521,2022-09-28 17:36:18.571,20220928193611,lu.C.x
15,230.377,183.707,46.67,96.586,23.737,87.121,22.933,2022-09-28 17:36:19.071,20220928193611,lu.C.x
16,219.526,175.164,44.362,87.263,21.019,87.901,23.343,2022-09-28 17:36:19.571,20220928193611,lu.C.x
17,232.516,184.435,48.081,93.107,23.238,91.328,24.843,2022-09-28 17:36:20.071,20220928193611,lu.C.x
18,235.906,186.585,49.321,95.852,24.335,90.733,24.986,2022-09-28 17:36:20.571,20220928193611,lu.C.x
19,223.423,177.105,46.318,91.769,22.985,85.336,23.333,2022-09-28 17:36:21.071,20220928193611,lu.C.x
20,224.448,178.948,45.5,91.819,22.362,87.129,23.138,2022-09-28 17:36:21.571,20220928193611,lu.C.x
21,223.589,177.724,45.865,91.813,22.774,85.911,23.091,2022-09-28 17:36:22.071,20220928193611,lu.C.x
22,225.597,179.576,46.021,92.318,23.247,87.258,22.774,2022-09-28 17:36:22.571,20220928193611,lu.C.x
23,229.055,183.177,45.878,92.752,23.585,90.425,22.293,2022-09-28 17:36:23.071,20220928193611,lu.C.x
24,211.493,167.981,43.512,83.401,20.132,84.58,23.38,2022-09-28 17:36:23.571,20220928193611,lu.C.x
25,227.433,180.973,46.46,94.35,23.459,86.623,23.001,2022-09-28 17:36:24.071,20220928193611,lu.C.x
26,229.986,182.554,47.432,95.074,23.708,87.48,23.724,2022-09-28 17:36:24.571,20220928193611,lu.C.x
27,225.858,178.981,46.877,91.458,22.681,87.523,24.196,2022-09-28 17:36:25.071,20220928193611,lu.C.x
28,223.01,178.341,44.669,90.884,22.772,87.457,21.897,2022-09-28 17:36:25.571,20220928193611,lu.C.x
29,218.815,173.977,44.838,86.505,21.804,87.472,23.034,2022-09-28 17:36:26.071,20220928193611,lu.C.x
30,226.619,179.474,47.145,91.917,23.061,87.557,24.084,2022-09-28 17:36:26.571,20220928193611,lu.C.x
31,230.715,182.853,47.862,95.23,23.509,87.623,24.353,2022-09-28 17:36:27.071,20220928193611,lu.C.x
32,216.289,172.826,43.463,85.263,20.46,87.563,23.003,2022-09-28 17:36:27.571,20220928193611,lu.C.x
33,231.919,185.263,46.656,97.412,24.335,87.851,22.321,2022-09-28 17:36:28.071,20220928193611,lu.C.x
34,228.005,180.914,47.091,93.033,22.85,87.881,24.241,2022-09-28 17:36:28.571,20220928193611,lu.C.x
35,226.311,179.562,46.749,91.764,22.86,87.798,23.889,2022-09-28 17:36:29.071,20220928193611,lu.C.x
36,225.095,179.167,45.928,91.477,22.985,87.69,22.943,2022-09-28 17:36:29.571,20220928193611,lu.C.x
37,223.222,179.004,44.218,91.358,21.591,87.646,22.627,2022-09-28 17:36:30.071,20220928193611,lu.C.x
38,226.953,178.885,48.068,91.175,22.517,87.71,25.551,2022-09-28 17:36:30.571,20220928193611,lu.C.x
39,229.563,181.952,47.611,91.586,22.649,90.366,24.962,2022-09-28 17:36:31.071,20220928193611,lu.C.x
40,227.873,181.435,46.438,91.736,22.684,89.699,23.754,2022-09-28 17:36:31.571,20220928193611,lu.C.x
41,219.611,175.223,44.388,91.455,22.62,83.768,21.768,2022-09-28 17:36:32.071,20220928193611,lu.C.x
42,222.9,178.225,44.675,90.829,22.695,87.396,21.98,2022-09-28 17:36:32.571,20220928193611,lu.C.x
43,222.933,177.49,45.443,89.65,22.521,87.84,22.922,2022-09-28 17:36:33.071,20220928193611,lu.C.x
44,224.397,177.998,46.399,90.172,22.44,87.826,23.959,2022-09-28 17:36:33.571,20220928193611,lu.C.x
45,230.091,182.348,47.743,94.883,22.636,87.465,25.107,2022-09-28 17:36:34.071,20220928193611,lu.C.x
46,219.918,175.463,44.455,87.831,22.232,87.632,22.223,2022-09-28 17:36:34.571,20220928193611,lu.C.x
47,220.27,175.524,44.746,87.979,21.716,87.545,23.03,2022-09-28 17:36:35.071,20220928193611,lu.C.x
48,224.58,178.748,45.832,91.218,21.709,87.53,24.123,2022-09-28 17:36:35.571,20220928193611,lu.C.x
49,233.911,187.142,46.769,99.165,23.674,87.977,23.095,2022-09-28 17:36:36.071,20220928193611,lu.C.x
50,226.252,179.062,47.19,91.269,22.43,87.793,24.76,2022-09-28 17:36:36.571,20220928193611,lu.C.x
51,222.035,176.442,45.593,86.359,22.489,90.083,23.104,2022-09-28 17:36:37.071,20220928193611,lu.C.x
52,223.611,178.718,44.893,90.383,22.579,88.335,22.314,2022-09-28 17:36:37.571,20220928193611,lu.C.x
53,228.831,183.563,45.268,99.381,22.569,84.182,22.699,2022-09-28 17:36:38.071,20220928193611,lu.C.x
54,223.839,176.977,46.862,88.888,21.916,88.089,24.946,2022-09-28 17:36:38.571,20220928193611,lu.C.x
55,217.626,174.475,43.151,85.9,20.536,88.575,22.615,2022-09-28 17:36:39.071,20220928193611,lu.C.x
56,223.993,178.24,45.753,90.852,22.522,87.388,23.231,2022-09-28 17:36:39.571,20220928193611,lu.C.x
57,229.958,182.187,47.771,94.585,23.576,87.602,24.195,2022-09-28 17:36:40.071,20220928193611,lu.C.x
58,228.586,182.636,45.95,92.279,21.677,90.357,24.273,2022-09-28 17:36:40.571,20220928193611,lu.C.x
59,221.407,177.544,43.863,91.492,22.485,86.052,21.378,2022-09-28 17:36:41.071,20220928193611,lu.C.x
60,204.678,167.616,37.062,87.507,18.904,80.109,18.158,2022-09-28 17:36:41.571,20220928193611,lu.C.x
61,210.301,169.897,40.404,85.181,19.301,84.716,21.103,2022-09-28 17:36:42.071,20220928193611,lu.C.x
62,220.561,174.914,45.647,87.375,21.735,87.539,23.912,2022-09-28 17:36:42.571,20220928193611,lu.C.x
63,224.544,177.966,46.578,90.862,22.775,87.104,23.803,2022-09-28 17:36:43.071,20220928193611,lu.C.x
64,228.053,182.928,45.125,94.752,22.607,88.176,22.518,2022-09-28 17:36:43.571,20220928193611,lu.C.x
65,191.126,157.9,33.226,82.41,16.796,75.49,16.43,2022-09-28 17:36:44.071,20220928193611,lu.C.x
66,171.875,144.798,27.077,73.813,13.332,70.985,13.745,2022-09-28 17:36:44.571,20220928193611,lu.C.x
67,167.337,141.75,25.587,71.85,12.515,69.9,13.072,2022-09-28 17:36:45.071,20220928193611,lu.C.x
68,167.44,141.822,25.618,71.852,12.459,69.97,13.159,2022-09-28 17:36:45.571,20220928193611,lu.C.x
69,167.387,141.798,25.589,71.89,12.497,69.908,13.092,2022-09-28 17:36:46.071,20220928193611,lu.C.x
70,167.372,141.779,25.593,71.844,12.506,69.935,13.087,2022-09-28 17:36:46.571,20220928193611,lu.C.x
71,167.315,141.706,25.609,71.887,12.534,69.819,13.075,2022-09-28 17:36:47.071,20220928193611,lu.C.x
72,167.597,141.957,25.64,72.13,12.5,69.827,13.14,2022-09-28 17:36:47.571,20220928193611,lu.C.x
73,167.416,141.789,25.627,72.052,12.565,69.737,13.062,2022-09-28 17:36:48.071,20220928193611,lu.C.x
74,167.471,141.824,25.647,71.988,12.547,69.836,13.1,2022-09-28 17:36:48.571,20220928193611,lu.C.x
75,167.542,141.799,25.743,71.984,12.575,69.815,13.168,2022-09-28 17:36:49.071,20220928193611,lu.C.x
76,167.675,142.011,25.664,72.12,12.535,69.891,13.129,2022-09-28 17:36:49.571,20220928193611,lu.C.x
77,167.397,141.776,25.621,71.877,12.539,69.899,13.082,2022-09-28 17:36:50.071,20220928193611,lu.C.x
78,167.406,141.718,25.688,71.936,12.596,69.782,13.092,2022-09-28 17:36:50.571,20220928193611,lu.C.x
79,167.433,141.754,25.679,71.963,12.589,69.791,13.09,2022-09-28 17:36:51.071,20220928193611,lu.C.x
80,167.472,141.926,25.546,72.059,12.522,69.867,13.024,2022-09-28 17:36:51.571,20220928193611,lu.C.x
81,167.582,141.941,25.641,72.051,12.572,69.89,13.069,2022-09-28 17:36:52.071,20220928193611,lu.C.x
82,167.465,141.855,25.61,72.056,12.537,69.799,13.073,2022-09-28 17:36:52.571,20220928193611,lu.C.x
83,167.257,141.664,25.593,71.928,12.509,69.736,13.084,2022-09-28 17:36:53.071,20220928193611,lu.C.x
84,167.371,141.812,25.559,72.007,12.5,69.805,13.059,2022-09-28 17:36:53.571,20220928193611,lu.C.x
85,167.319,141.822,25.497,71.905,12.499,69.917,12.998,2022-09-28 17:36:54.071,20220928193611,lu.C.x
86,167.22,141.678,25.542,71.853,12.496,69.825,13.046,2022-09-28 17:36:54.571,20220928193611,lu.C.x
87,167.291,141.64,25.651,71.889,12.551,69.751,13.1,2022-09-28 17:36:55.071,20220928193611,lu.C.x
88,167.297,141.732,25.565,71.942,12.474,69.79,13.091,2022-09-28 17:36:55.571,20220928193611,lu.C.x
0,167.064,141.203,25.861,71.778,12.669,69.425,13.192,2022-09-28 17:39:02.512,20220928193902,mg.D.x
1,167.064,141.203,25.861,71.778,12.669,69.425,13.192,2022-09-28 17:39:03.012,20220928193902,mg.D.x
2,166.307,140.652,25.655,71.364,12.642,69.288,13.013,2022-09-28 17:39:03.512,20220928193902,mg.D.x
3,166.194,140.531,25.663,71.335,12.624,69.196,13.039,2022-09-28 17:39:04.012,20220928193902,mg.D.x
4,166.525,140.745,25.78,71.416,12.644,69.329,13.136,2022-09-28 17:39:04.512,20220928193902,mg.D.x
5,166.013,140.462,25.551,71.345,12.504,69.117,13.047,2022-09-28 17:39:05.012,20220928193902,mg.D.x
6,167.224,138.445,28.779,63.272,11.451,75.173,17.328,2022-09-28 17:39:05.512,20220928193902,mg.D.x
7,174.791,141.73,33.061,68.667,15.02,73.063,18.041,2022-09-28 17:39:06.012,20220928193902,mg.D.x
8,177.193,142.859,34.334,70.396,16.09,72.463,18.244,2022-09-28 17:39:06.512,20220928193902,mg.D.x
9,212.448,164.539,47.909,82.402,22.272,82.137,25.637,2022-09-28 17:39:07.012,20220928193902,mg.D.x
10,216.176,167.589,48.587,85.37,23.123,82.219,25.464,2022-09-28 17:39:07.512,20220928193902,mg.D.x
11,228.25,177.466,50.784,94.98,25.88,82.486,24.904,2022-09-28 17:39:08.012,20220928193902,mg.D.x
12,225.769,172.516,53.253,88.888,26.685,83.628,26.568,2022-09-28 17:39:08.512,20220928193902,mg.D.x
13,225.354,170.179,55.175,85.194,27.225,84.985,27.95,2022-09-28 17:39:09.012,20220928193902,mg.D.x
14,245.571,185.039,60.532,89.69,27.509,95.349,33.023,2022-09-28 17:39:09.512,20220928193902,mg.D.x
15,244.319,186.92,57.399,100.763,29.23,86.157,28.169,2022-09-28 17:39:10.012,20220928193902,mg.D.x
16,242.634,185.931,56.703,102.771,29.866,83.16,26.837,2022-09-28 17:39:10.512,20220928193902,mg.D.x
17,238.623,179.59,59.033,91.877,29.086,87.713,29.947,2022-09-28 17:39:11.012,20220928193902,mg.D.x
18,227.695,172.026,55.669,85.542,27.141,86.484,28.528,2022-09-28 17:39:11.512,20220928193902,mg.D.x
19,247.183,187.382,59.801,93.432,27.144,93.95,32.657,2022-09-28 17:39:12.012,20220928193902,mg.D.x
20,245.652,186.824,58.828,97.2,29.305,89.624,29.523,2022-09-28 17:39:12.512,20220928193902,mg.D.x
21,236.136,180.606,55.53,94.133,28.337,86.473,27.193,2022-09-28 17:39:13.012,20220928193902,mg.D.x
22,209.6,163.757,45.843,78.152,20.132,85.605,25.711,2022-09-28 17:39:13.512,20220928193902,mg.D.x
23,243.723,186.813,56.91,100.746,29.918,86.067,26.992,2022-09-28 17:39:14.012,20220928193902,mg.D.x
24,235.666,181.168,54.498,95.268,27.819,85.9,26.679,2022-09-28 17:39:14.512,20220928193902,mg.D.x
25,237.355,181.144,56.211,92.277,27.549,88.867,28.662,2022-09-28 17:39:15.012,20220928193902,mg.D.x
26,239.435,180.671,58.764,87.917,27.631,92.754,31.133,2022-09-28 17:39:15.512,20220928193902,mg.D.x
27,231.905,173.861,58.044,78.615,25.667,95.246,32.377,2022-09-28 17:39:16.012,20220928193902,mg.D.x
28,243.454,184.61,58.844,94.83,28.361,89.78,30.483,2022-09-28 17:39:16.512,20220928193902,mg.D.x
29,248.277,189.339,58.938,101.614,30.183,87.725,28.755,2022-09-28 17:39:17.012,20220928193902,mg.D.x
30,253.29,194.258,59.032,108.63,32.133,85.628,26.899,2022-09-28 17:39:17.512,20220928193902,mg.D.x
31,232.927,174.281,58.646,79.199,25.448,95.082,33.198,2022-09-28 17:39:18.012,20220928193902,mg.D.x
32,246.809,188.043,58.766,99.375,30.047,88.668,28.719,2022-09-28 17:39:18.512,20220928193902,mg.D.x
33,244.48,188.058,56.422,103.245,30.457,84.813,25.965,2022-09-28 17:39:19.012,20220928193902,mg.D.x
34,221.538,170.0,51.538,84.236,25.055,85.764,26.483,2022-09-28 17:39:19.512,20220928193902,mg.D.x
35,250.721,192.752,57.969,103.207,29.013,89.545,28.956,2022-09-28 17:39:20.012,20220928193902,mg.D.x
36,230.726,172.756,57.97,77.197,25.557,95.559,32.413,2022-09-28 17:39:20.512,20220928193902,mg.D.x
37,236.188,179.663,56.525,91.493,28.108,88.17,28.417,2022-09-28 17:39:21.012,20220928193902,mg.D.x
38,242.68,186.541,56.139,102.385,29.891,84.156,26.248,2022-09-28 17:39:21.512,20220928193902,mg.D.x
39,252.776,194.516,58.26,105.431,29.431,89.085,28.829,2022-09-28 17:39:22.012,20220928193902,mg.D.x
40,226.223,174.935,51.288,89.368,25.098,85.567,26.19,2022-09-28 17:39:22.512,20220928193902,mg.D.x
41,217.246,168.64,48.606,83.743,23.498,84.897,25.108,2022-09-28 17:39:23.012,20220928193902,mg.D.x
42,219.342,170.136,49.206,80.313,21.379,89.823,27.827,2022-09-28 17:39:23.512,20220928193902,mg.D.x
43,237.731,182.691,55.04,95.814,27.286,86.877,27.754,2022-09-28 17:39:24.012,20220928193902,mg.D.x
44,243.153,184.539,58.614,96.857,29.351,87.682,29.263,2022-09-28 17:39:24.512,20220928193902,mg.D.x
45,226.688,170.336,56.352,76.391,24.081,93.945,32.271,2022-09-28 17:39:25.012,20220928193902,mg.D.x
46,213.55,173.019,40.531,99.623,23.13,73.396,17.401,2022-09-28 17:39:25.512,20220928193902,mg.D.x
47,227.4,177.256,50.144,94.262,25.536,82.994,24.608,2022-09-28 17:39:26.012,20220928193902,mg.D.x
48,235.774,180.815,54.959,92.558,26.767,88.257,28.192,2022-09-28 17:39:26.512,20220928193902,mg.D.x
49,232.214,179.062,53.152,91.748,25.943,87.314,27.209,2022-09-28 17:39:27.012,20220928193902,mg.D.x
50,229.837,177.317,52.52,90.332,25.627,86.985,26.893,2022-09-28 17:39:27.512,20220928193902,mg.D.x
51,236.965,181.513,55.452,92.502,27.114,89.011,28.338,2022-09-28 17:39:28.012,20220928193902,mg.D.x
52,217.976,166.971,51.005,80.745,23.681,86.226,27.324,2022-09-28 17:39:28.512,20220928193902,mg.D.x
53,252.148,194.476,57.672,105.631,29.521,88.845,28.151,2022-09-28 17:39:29.012,20220928193902,mg.D.x
54,181.421,149.487,31.934,76.373,15.817,73.114,16.117,2022-09-28 17:39:29.512,20220928193902,mg.D.x
55,217.363,164.616,52.747,72.656,22.288,91.96,30.459,2022-09-28 17:39:30.012,20220928193902,mg.D.x
56,221.198,172.004,49.194,86.987,24.011,85.017,25.183,2022-09-28 17:39:30.512,20220928193902,mg.D.x
57,221.639,177.315,44.324,100.029,25.017,77.286,19.307,2022-09-28 17:39:31.012,20220928193902,mg.D.x
58,233.035,176.345,56.69,83.088,25.893,93.257,30.797,2022-09-28 17:39:31.512,20220928193902,mg.D.x
59,244.881,186.663,58.218,97.095,28.864,89.568,29.354,2022-09-28 17:39:32.012,20220928193902,mg.D.x
60,256.88,196.443,60.437,107.013,30.734,89.43,29.703,2022-09-28 17:39:32.512,20220928193902,mg.D.x
61,243.151,185.384,57.767,93.334,27.384,92.05,30.383,2022-09-28 17:39:33.012,20220928193902,mg.D.x
62,218.838,170.336,48.502,90.114,25.793,80.222,22.709,2022-09-28 17:39:33.512,20220928193902,mg.D.x
63,213.017,165.48,47.537,80.326,22.828,85.154,24.709,2022-09-28 17:39:34.012,20220928193902,mg.D.x
64,212.601,166.024,46.577,82.517,22.467,83.507,24.11,2022-09-28 17:39:34.512,20220928193902,mg.D.x
65,206.302,162.615,43.687,79.33,20.021,83.285,23.666,2022-09-28 17:39:35.012,20220928193902,mg.D.x
66,200.788,159.64,41.148,76.107,17.748,83.533,23.4,2022-09-28 17:39:35.512,20220928193902,mg.D.x
67,252.207,194.604,57.603,109.555,31.717,85.049,25.886,2022-09-28 17:39:36.012,20220928193902,mg.D.x
68,241.867,186.507,55.36,99.667,28.764,86.84,26.596,2022-09-28 17:39:36.512,20220928193902,mg.D.x
69,224.705,173.684,51.021,87.681,25.331,86.003,25.69,2022-09-28 17:39:37.012,20220928193902,mg.D.x
70,218.572,169.511,49.061,85.648,24.702,83.863,24.359,2022-09-28 17:39:37.512,20220928193902,mg.D.x
71,242.367,187.308,55.059,98.853,27.579,88.455,27.48,2022-09-28 17:39:38.012,20220928193902,mg.D.x
72,208.24,161.39,46.85,72.906,20.259,88.484,26.591,2022-09-28 17:39:38.512,20220928193902,mg.D.x
73,197.306,160.934,36.372,89.106,20.169,71.828,16.203,2022-09-28 17:39:39.012,20220928193902,mg.D.x
74,214.781,169.782,44.999,89.542,23.063,80.24,21.936,2022-09-28 17:39:39.512,20220928193902,mg.D.x
75,211.143,164.528,46.615,78.703,21.711,85.825,24.904,2022-09-28 17:39:40.012,20220928193902,mg.D.x
76,202.213,158.498,43.715,73.931,20.025,84.567,23.69,2022-09-28 17:39:40.512,20220928193902,mg.D.x
77,258.354,198.826,59.528,114.374,32.439,84.452,27.089,2022-09-28 17:39:41.012,20220928193902,mg.D.x
78,236.367,180.214,56.153,91.335,27.212,88.879,28.941,2022-09-28 17:39:41.512,20220928193902,mg.D.x
79,240.816,183.86,56.956,94.579,28.426,89.281,28.53,2022-09-28 17:39:42.012,20220928193902,mg.D.x
80,235.205,176.443,58.762,82.037,26.24,94.406,32.522,2022-09-28 17:39:42.512,20220928193902,mg.D.x
81,237.486,180.06,57.426,90.054,27.921,90.006,29.505,2022-09-28 17:39:43.012,20220928193902,mg.D.x
82,240.954,185.028,55.926,99.978,29.92,85.05,26.006,2022-09-28 17:39:43.512,20220928193902,mg.D.x
83,241.57,181.745,59.825,85.689,26.61,96.056,33.215,2022-09-28 17:39:44.012,20220928193902,mg.D.x
84,248.409,188.904,59.505,98.365,30.108,90.539,29.397,2022-09-28 17:39:44.512,20220928193902,mg.D.x
85,250.761,191.708,59.053,104.065,31.639,87.643,27.414,2022-09-28 17:39:45.012,20220928193902,mg.D.x
86,233.303,176.088,57.215,82.13,25.26,93.958,31.955,2022-09-28 17:39:45.512,20220928193902,mg.D.x
87,220.261,170.969,49.292,84.268,23.562,86.701,25.73,2022-09-28 17:39:46.012,20220928193902,mg.D.x
88,211.422,167.499,43.923,85.718,22.412,81.781,21.511,2022-09-28 17:39:46.512,20220928193902,mg.D.x
89,256.298,197.55,58.748,114.516,32.976,83.034,25.772,2022-09-28 17:39:47.012,20220928193902,mg.D.x
90,203.972,160.266,43.706,78.962,20.821,81.304,22.885,2022-09-28 17:39:47.512,20220928193902,mg.D.x
91,216.83,167.173,49.657,81.407,23.79,85.766,25.867,2022-09-28 17:39:48.012,20220928193902,mg.D.x
92,224.008,173.304,50.704,87.977,25.223,85.327,25.481,2022-09-28 17:39:48.512,20220928193902,mg.D.x
93,201.613,166.194,35.419,93.098,19.27,73.096,16.149,2022-09-28 17:39:49.012,20220928193902,mg.D.x
94,195.928,153.381,42.547,71.78,19.876,81.601,22.671,2022-09-28 17:39:49.512,20220928193902,mg.D.x
95,197.52,162.156,35.364,87.997,18.335,74.159,17.029,2022-09-28 17:39:50.012,20220928193902,mg.D.x
96,224.643,174.983,49.66,90.541,24.671,84.442,24.989,2022-09-28 17:39:50.512,20220928193902,mg.D.x
97,224.375,173.809,50.566,89.017,24.821,84.792,25.745,2022-09-28 17:39:51.012,20220928193902,mg.D.x
98,234.32,178.854,55.466,90.741,27.465,88.113,28.001,2022-09-28 17:39:51.512,20220928193902,mg.D.x
99,231.178,176.342,54.836,86.955,26.379,89.387,28.457,2022-09-28 17:39:52.012,20220928193902,mg.D.x
100,224.662,172.465,52.197,84.341,24.489,88.124,27.708,2022-09-28 17:39:52.512,20220928193902,mg.D.x
101,238.914,181.936,56.978,96.091,28.569,85.845,28.409,2022-09-28 17:39:53.012,20220928193902,mg.D.x
102,243.699,186.128,57.571,97.038,29.629,89.09,27.942,2022-09-28 17:39:53.512,20220928193902,mg.D.x
103,226.151,174.654,51.497,86.066,25.195,88.588,26.302,2022-09-28 17:39:54.012,20220928193902,mg.D.x
104,199.664,156.808,42.856,70.516,18.575,86.292,24.281,2022-09-28 17:39:54.512,20220928193902,mg.D.x
105,251.602,190.474,61.128,102.775,31.544,87.699,29.584,2022-09-28 17:39:55.012,20220928193902,mg.D.x
106,237.71,180.417,57.293,92.499,28.693,87.918,28.6,2022-09-28 17:39:55.512,20220928193902,mg.D.x
107,233.01,176.912,56.098,88.08,27.454,88.832,28.644,2022-09-28 17:39:56.012,20220928193902,mg.D.x
108,252.641,190.262,62.379,94.665,29.169,95.597,33.21,2022-09-28 17:39:56.512,20220928193902,mg.D.x
109,251.168,192.56,58.608,105.649,31.059,86.911,27.549,2022-09-28 17:39:57.012,20220928193902,mg.D.x
110,247.01,190.168,56.842,105.119,30.673,85.049,26.169,2022-09-28 17:39:57.512,20220928193902,mg.D.x
111,235.718,179.086,56.632,88.243,26.968,90.843,29.664,2022-09-28 17:39:58.012,20220928193902,mg.D.x
112,227.132,170.38,56.752,75.794,24.448,94.586,32.304,2022-09-28 17:39:58.512,20220928193902,mg.D.x
113,249.69,191.916,57.774,106.912,31.513,85.004,26.261,2022-09-28 17:39:59.012,20220928193902,mg.D.x
114,241.981,183.98,58.001,94.518,28.902,89.462,29.099,2022-09-28 17:39:59.512,20220928193902,mg.D.x
115,232.373,174.394,57.979,79.901,25.699,94.493,32.28,2022-09-28 17:40:00.012,20220928193902,mg.D.x
116,250.986,194.317,56.669,110.951,31.647,83.366,25.022,2022-09-28 17:40:00.512,20220928193902,mg.D.x
117,241.758,184.758,57.0,97.947,29.371,86.811,27.629,2022-09-28 17:40:01.012,20220928193902,mg.D.x
118,238.844,182.077,56.767,93.198,28.145,88.879,28.622,2022-09-28 17:40:01.512,20220928193902,mg.D.x
119,231.379,174.559,56.82,81.808,25.7,92.751,31.12,2022-09-28 17:40:02.012,20220928193902,mg.D.x
120,228.581,172.834,55.747,81.417,25.478,91.417,30.269,2022-09-28 17:40:02.512,20220928193902,mg.D.x
121,231.999,179.811,52.188,97.752,28.279,82.059,23.909,2022-09-28 17:40:03.012,20220928193902,mg.D.x
122,245.529,189.456,56.073,103.098,29.346,86.358,26.727,2022-09-28 17:40:03.512,20220928193902,mg.D.x
123,236.712,180.926,55.786,89.475,26.472,91.451,29.314,2022-09-28 17:40:04.012,20220928193902,mg.D.x
124,225.726,171.647,54.079,78.597,24.201,93.05,29.878,2022-09-28 17:40:04.512,20220928193902,mg.D.x
125,237.171,181.541,55.63,99.07,29.931,82.471,25.699,2022-09-28 17:40:05.012,20220928193902,mg.D.x
126,246.144,189.055,57.089,102.589,29.665,86.466,27.424,2022-09-28 17:40:05.512,20220928193902,mg.D.x
127,239.514,181.772,57.742,89.282,27.162,92.49,30.58,2022-09-28 17:40:06.012,20220928193902,mg.D.x
128,228.625,172.798,55.827,80.033,25.256,92.765,30.571,2022-09-28 17:40:06.512,20220928193902,mg.D.x
129,225.621,181.554,44.067,106.835,25.49,74.719,18.577,2022-09-28 17:40:07.012,20220928193902,mg.D.x
130,223.112,168.286,54.826,75.721,23.983,92.565,30.843,2022-09-28 17:40:07.512,20220928193902,mg.D.x
131,237.036,181.718,55.318,94.346,28.068,87.372,27.25,2022-09-28 17:40:08.012,20220928193902,mg.D.x
132,246.647,190.981,55.666,106.759,30.789,84.222,24.877,2022-09-28 17:40:08.512,20220928193902,mg.D.x
133,237.568,182.025,55.543,93.524,28.033,88.501,27.51,2022-09-28 17:40:09.012,20220928193902,mg.D.x
134,226.818,174.596,52.222,88.065,25.559,86.531,26.663,2022-09-28 17:40:09.512,20220928193902,mg.D.x
135,242.165,185.265,56.9,96.708,29.017,88.557,27.883,2022-09-28 17:40:10.012,20220928193902,mg.D.x
136,231.213,172.956,58.257,77.741,25.86,95.215,32.397,2022-09-28 17:40:10.512,20220928193902,mg.D.x
137,221.605,173.113,48.492,89.796,24.849,83.317,23.643,2022-09-28 17:40:11.012,20220928193902,mg.D.x
138,217.553,172.672,44.881,93.565,24.126,79.107,20.755,2022-09-28 17:40:11.512,20220928193902,mg.D.x
139,226.952,170.73,56.222,77.13,24.145,93.6,32.077,2022-09-28 17:40:12.012,20220928193902,mg.D.x
140,239.449,181.631,57.818,91.054,28.327,90.577,29.491,2022-09-28 17:40:12.512,20220928193902,mg.D.x
141,244.407,186.361,58.046,97.889,29.98,88.472,28.066,2022-09-28 17:40:13.012,20220928193902,mg.D.x
142,249.646,191.817,57.829,106.59,31.72,85.227,26.109,2022-09-28 17:40:13.512,20220928193902,mg.D.x
143,245.512,188.36,57.152,100.294,29.677,88.066,27.475,2022-09-28 17:40:14.012,20220928193902,mg.D.x
144,213.529,165.57,47.959,81.288,23.208,84.282,24.751,2022-09-28 17:40:14.512,20220928193902,mg.D.x
145,221.226,171.459,49.767,86.857,24.621,84.602,25.146,2022-09-28 17:40:15.012,20220928193902,mg.D.x
146,249.559,189.966,59.593,98.446,29.572,91.52,30.021,2022-09-28 17:40:15.512,20220928193902,mg.D.x
147,235.704,175.763,59.941,78.65,26.296,97.113,33.645,2022-09-28 17:40:16.012,20220928193902,mg.D.x
148,241.951,183.611,58.34,93.587,28.857,90.024,29.483,2022-09-28 17:40:16.512,20220928193902,mg.D.x
149,244.076,186.071,58.005,97.952,29.748,88.119,28.257,2022-09-28 17:40:17.012,20220928193902,mg.D.x
150,249.579,192.043,57.536,107.894,32.093,84.149,25.443,2022-09-28 17:40:17.512,20220928193902,mg.D.x
151,211.836,164.997,46.839,79.324,22.28,85.673,24.559,2022-09-28 17:40:18.012,20220928193902,mg.D.x
152,214.844,166.745,48.099,79.465,21.885,87.28,26.214,2022-09-28 17:40:18.512,20220928193902,mg.D.x
153,250.987,191.571,59.416,102.071,28.926,89.5,30.49,2022-09-28 17:40:19.012,20220928193902,mg.D.x
154,231.732,176.18,55.552,90.452,28.964,85.728,26.588,2022-09-28 17:40:19.512,20220928193902,mg.D.x
155,242.395,184.955,57.44,97.674,29.819,87.281,27.621,2022-09-28 17:40:20.012,20220928193902,mg.D.x
156,251.033,193.03,58.003,104.231,29.61,88.799,28.393,2022-09-28 17:40:20.512,20220928193902,mg.D.x
157,218.808,169.768,49.04,83.376,23.229,86.392,25.811,2022-09-28 17:40:21.012,20220928193902,mg.D.x
158,197.418,154.738,42.68,67.349,17.264,87.389,25.416,2022-09-28 17:40:21.512,20220928193902,mg.D.x
159,244.723,188.716,56.007,106.882,31.413,81.834,24.594,2022-09-28 17:40:22.012,20220928193902,mg.D.x
160,243.118,186.357,56.761,100.289,29.896,86.068,26.865,2022-09-28 17:40:22.512,20220928193902,mg.D.x
161,234.053,176.49,57.563,83.405,26.449,93.085,31.114,2022-09-28 17:40:23.012,20220928193902,mg.D.x
162,235.208,176.969,58.239,83.724,26.891,93.245,31.348,2022-09-28 17:40:23.512,20220928193902,mg.D.x
163,251.57,194.299,57.271,111.134,32.474,83.165,24.797,2022-09-28 17:40:24.012,20220928193902,mg.D.x
164,240.688,184.465,56.223,96.524,28.781,87.941,27.442,2022-09-28 17:40:24.512,20220928193902,mg.D.x
165,235.436,176.471,58.965,81.706,26.671,94.765,32.294,2022-09-28 17:40:25.012,20220928193902,mg.D.x
166,234.212,177.926,56.286,86.531,26.236,91.395,30.05,2022-09-28 17:40:25.512,20220928193902,mg.D.x
167,234.345,182.01,52.335,96.642,26.446,85.368,25.889,2022-09-28 17:40:26.012,20220928193902,mg.D.x
168,246.497,189.017,57.48,103.597,31.984,85.42,25.496,2022-09-28 17:40:26.512,20220928193902,mg.D.x
169,212.632,165.389,47.243,82.281,23.545,83.108,23.698,2022-09-28 17:40:27.012,20220928193902,mg.D.x
170,209.358,163.808,45.55,80.611,21.983,83.197,23.567,2022-09-28 17:40:27.512,20220928193902,mg.D.x
171,226.186,177.144,49.042,92.68,24.848,84.464,24.194,2022-09-28 17:40:28.012,20220928193902,mg.D.x
172,204.863,166.485,38.378,88.397,19.229,78.088,19.149,2022-09-28 17:40:28.512,20220928193902,mg.D.x
173,203.921,160.057,43.864,79.033,21.392,81.024,22.472,2022-09-28 17:40:29.012,20220928193902,mg.D.x
174,228.742,178.202,50.54,92.868,25.23,85.334,25.31,2022-09-28 17:40:29.512,20220928193902,mg.D.x
175,235.995,183.081,52.914,96.165,26.647,86.916,26.267,2022-09-28 17:40:30.012,20220928193902,mg.D.x
176,227.573,175.897,51.676,89.125,25.53,86.772,26.146,2022-09-28 17:40:30.512,20220928193902,mg.D.x
177,232.225,177.987,54.238,90.2,26.387,87.787,27.851,2022-09-28 17:40:31.012,20220928193902,mg.D.x
178,237.474,180.924,56.55,93.348,27.9,87.576,28.65,2022-09-28 17:40:31.512,20220928193902,mg.D.x
179,224.304,176.446,47.858,90.827,24.829,85.619,23.029,2022-09-28 17:40:32.012,20220928193902,mg.D.x
180,194.32,152.846,41.474,69.619,18.903,83.227,22.571,2022-09-28 17:40:32.512,20220928193902,mg.D.x
181,202.052,158.998,43.054,74.998,19.687,84.0,23.367,2022-09-28 17:40:33.012,20220928193902,mg.D.x
182,216.149,170.181,45.968,84.972,21.641,85.209,24.327,2022-09-28 17:40:33.512,20220928193902,mg.D.x
183,232.971,184.574,48.397,107.521,27.642,77.053,20.755,2022-09-28 17:40:34.012,20220928193902,mg.D.x
184,228.131,174.198,53.933,86.087,26.353,88.111,27.58,2022-09-28 17:40:34.512,20220928193902,mg.D.x
185,219.671,169.335,50.336,80.753,23.404,88.582,26.932,2022-09-28 17:40:35.012,20220928193902,mg.D.x
186,211.961,167.225,44.736,81.337,20.516,85.888,24.22,2022-09-28 17:40:35.512,20220928193902,mg.D.x
187,259.761,200.27,59.491,116.34,33.032,83.93,26.459,2022-09-28 17:40:36.012,20220928193902,mg.D.x
188,197.42,154.983,42.437,75.351,19.364,79.632,23.073,2022-09-28 17:40:36.512,20220928193902,mg.D.x
189,234.355,181.075,53.28,93.527,26.927,87.548,26.353,2022-09-28 17:40:37.012,20220928193902,mg.D.x
190,234.397,180.647,53.75,92.27,27.331,88.377,26.419,2022-09-28 17:40:37.512,20220928193902,mg.D.x
191,207.438,160.951,46.487,76.771,22.245,84.18,24.242,2022-09-28 17:40:38.012,20220928193902,mg.D.x
192,259.006,199.966,59.04,110.668,30.757,89.298,28.283,2022-09-28 17:40:38.512,20220928193902,mg.D.x
193,196.965,154.199,42.766,74.945,19.835,79.254,22.931,2022-09-28 17:40:39.012,20220928193902,mg.D.x
194,239.38,184.261,55.119,95.177,27.719,89.084,27.4,2022-09-28 17:40:39.512,20220928193902,mg.D.x
195,213.021,169.436,43.585,88.117,22.019,81.319,21.566,2022-09-28 17:40:40.012,20220928193902,mg.D.x
196,201.785,161.639,40.146,82.991,19.836,78.648,20.31,2022-09-28 17:40:40.512,20220928193902,mg.D.x
197,203.41,161.933,41.477,82.27,20.261,79.663,21.216,2022-09-28 17:40:41.012,20220928193902,mg.D.x
198,182.794,149.171,33.623,73.792,16.045,75.379,17.578,2022-09-28 17:40:41.512,20220928193902,mg.D.x
199,201.367,156.886,44.481,73.28,20.607,83.606,23.874,2022-09-28 17:40:42.012,20220928193902,mg.D.x
200,203.029,165.096,37.933,83.389,16.272,81.707,21.661,2022-09-28 17:40:42.512,20220928193902,mg.D.x
201,219.01,172.283,46.727,94.206,25.462,78.077,21.265,2022-09-28 17:40:43.012,20220928193902,mg.D.x
202,225.417,174.846,50.571,91.078,25.925,83.768,24.646,2022-09-28 17:40:43.512,20220928193902,mg.D.x
203,211.217,164.215,47.002,80.014,22.476,84.201,24.526,2022-09-28 17:40:44.012,20220928193902,mg.D.x
204,196.307,155.093,41.214,75.23,19.702,79.863,21.512,2022-09-28 17:40:44.512,20220928193902,mg.D.x
205,201.268,166.322,34.946,92.744,18.728,73.578,16.218,2022-09-28 17:40:45.012,20220928193902,mg.D.x
206,219.748,169.642,50.106,84.299,24.514,85.343,25.592,2022-09-28 17:40:45.512,20220928193902,mg.D.x
207,216.996,167.779,49.217,78.908,21.269,88.871,27.948,2022-09-28 17:40:46.012,20220928193902,mg.D.x
208,231.282,175.573,55.709,85.636,25.934,89.937,29.775,2022-09-28 17:40:46.512,20220928193902,mg.D.x
209,240.629,181.258,59.371,91.395,29.074,89.863,30.297,2022-09-28 17:40:47.012,20220928193902,mg.D.x
210,255.345,197.22,58.125,113.304,32.688,83.916,25.437,2022-09-28 17:40:47.512,20220928193902,mg.D.x
211,203.314,162.409,40.905,83.241,20.349,79.168,20.556,2022-09-28 17:40:48.012,20220928193902,mg.D.x
212,217.154,166.293,50.861,77.247,22.64,89.046,28.221,2022-09-28 17:40:48.512,20220928193902,mg.D.x
213,234.455,178.423,56.032,88.659,26.704,89.764,29.328,2022-09-28 17:40:49.012,20220928193902,mg.D.x
214,250.758,194.146,56.612,110.327,31.119,83.819,25.493,2022-09-28 17:40:49.512,20220928193902,mg.D.x
215,240.49,184.212,56.278,94.266,27.731,89.946,28.547,2022-09-28 17:40:50.012,20220928193902,mg.D.x
216,232.335,177.789,54.546,89.54,26.419,88.249,28.127,2022-09-28 17:40:50.512,20220928193902,mg.D.x
217,230.05,178.325,51.725,91.98,25.138,86.345,26.587,2022-09-28 17:40:51.012,20220928193902,mg.D.x
218,199.867,156.329,43.538,74.368,20.142,81.961,23.396,2022-09-28 17:40:51.512,20220928193902,mg.D.x
219,211.556,164.92,46.636,81.673,22.272,83.247,24.364,2022-09-28 17:40:52.012,20220928193902,mg.D.x
220,255.754,196.871,58.883,107.547,29.914,89.324,28.969,2022-09-28 17:40:52.512,20220928193902,mg.D.x
221,231.768,177.696,54.072,89.827,25.792,87.869,28.28,2022-09-28 17:40:53.012,20220928193902,mg.D.x
222,231.007,178.611,52.396,92.207,25.778,86.404,26.618,2022-09-28 17:40:53.512,20220928193902,mg.D.x
223,227.786,176.007,51.779,89.863,24.789,86.144,26.99,2022-09-28 17:40:54.012,20220928193902,mg.D.x
224,226.138,174.887,51.251,87.977,24.723,86.91,26.528,2022-09-28 17:40:54.512,20220928193902,mg.D.x
225,193.008,156.543,36.465,80.186,17.599,76.357,18.866,2022-09-28 17:40:55.012,20220928193902,mg.D.x
226,193.578,152.584,40.994,71.823,18.621,80.761,22.373,2022-09-28 17:40:55.512,20220928193902,mg.D.x
227,227.719,175.049,52.67,88.163,25.683,86.886,26.987,2022-09-28 17:40:56.012,20220928193902,mg.D.x
228,242.79,187.545,55.245,100.74,28.404,86.805,26.841,2022-09-28 17:40:56.512,20220928193902,mg.D.x
229,190.297,149.191,41.106,67.574,18.378,81.617,22.728,2022-09-28 17:40:57.012,20220928193902,mg.D.x
230,256.883,196.501,60.382,106.149,31.299,90.352,29.083,2022-09-28 17:40:57.512,20220928193902,mg.D.x
231,241.015,182.743,58.272,90.442,27.899,92.301,30.373,2022-09-28 17:40:58.012,20220928193902,mg.D.x
232,226.763,172.521,54.242,81.675,24.848,90.846,29.394,2022-09-28 17:40:58.512,20220928193902,mg.D.x
233,210.955,165.678,45.277,83.027,21.293,82.651,23.984,2022-09-28 17:40:59.012,20220928193902,mg.D.x
234,243.407,188.961,54.446,105.448,29.357,83.513,25.089,2022-09-28 17:40:59.512,20220928193902,mg.D.x
235,227.893,177.484,50.409,93.87,25.436,83.614,24.973,2022-09-28 17:41:00.012,20220928193902,mg.D.x
236,211.985,165.337,46.648,80.997,21.516,84.34,25.132,2022-09-28 17:41:00.512,20220928193902,mg.D.x
237,249.373,191.072,58.301,103.957,31.083,87.115,27.218,2022-09-28 17:41:01.012,20220928193902,mg.D.x
238,194.96,152.827,42.133,71.463,19.28,81.364,22.853,2022-09-28 17:41:01.512,20220928193902,mg.D.x
239,198.794,157.227,41.567,74.845,18.632,82.382,22.935,2022-09-28 17:41:02.012,20220928193902,mg.D.x
240,211.842,167.605,44.237,83.744,20.516,83.861,23.721,2022-09-28 17:41:02.512,20220928193902,mg.D.x
241,250.982,193.277,57.705,108.211,31.29,85.066,26.415,2022-09-28 17:41:03.012,20220928193902,mg.D.x
242,244.086,186.99,57.096,99.185,29.054,87.805,28.042,2022-09-28 17:41:03.512,20220928193902,mg.D.x
243,232.71,178.691,54.019,91.373,26.103,87.318,27.916,2022-09-28 17:41:04.012,20220928193902,mg.D.x
244,205.337,160.395,44.942,74.648,20.02,85.747,24.922,2022-09-28 17:41:04.512,20220928193902,mg.D.x
245,200.231,157.437,42.794,71.751,18.7,85.686,24.094,2022-09-28 17:41:05.012,20220928193902,mg.D.x
246,235.972,183.244,52.728,96.477,25.795,86.767,26.933,2022-09-28 17:41:05.512,20220928193902,mg.D.x
247,213.086,166.214,46.872,82.835,22.489,83.379,24.383,2022-09-28 17:41:06.012,20220928193902,mg.D.x
248,209.704,164.069,45.635,81.64,21.99,82.429,23.645,2022-09-28 17:41:06.512,20220928193902,mg.D.x
249,211.819,166.448,45.371,84.678,22.272,81.77,23.099,2022-09-28 17:41:07.012,20220928193902,mg.D.x
250,246.018,190.51,55.508,107.747,30.146,82.763,25.362,2022-09-28 17:41:07.512,20220928193902,mg.D.x
251,211.797,169.381,42.416,91.846,22.392,77.535,20.024,2022-09-28 17:41:08.012,20220928193902,mg.D.x
252,173.897,145.529,28.368,73.355,13.886,72.174,14.482,2022-09-28 17:41:08.512,20220928193902,mg.D.x
253,169.386,143.116,26.27,72.121,12.886,70.995,13.384,2022-09-28 17:41:09.012,20220928193902,mg.D.x
254,168.241,142.413,25.828,72.038,12.626,70.375,13.202,2022-09-28 17:41:09.512,20220928193902,mg.D.x
255,167.359,141.801,25.558,71.856,12.497,69.945,13.061,2022-09-28 17:41:10.012,20220928193902,mg.D.x
256,167.432,141.937,25.495,71.902,12.481,70.035,13.014,2022-09-28 17:41:10.512,20220928193902,mg.D.x
257,167.475,141.949,25.526,71.869,12.471,70.08,13.055,2022-09-28 17:41:11.012,20220928193902,mg.D.x
258,167.202,141.649,25.553,71.75,12.462,69.899,13.091,2022-09-28 17:41:11.512,20220928193902,mg.D.x
259,167.24,141.737,25.503,71.837,12.408,69.9,13.095,2022-09-28 17:41:12.012,20220928193902,mg.D.x
260,167.459,141.946,25.513,71.905,12.4,70.041,13.113,2022-09-28 17:41:12.512,20220928193902,mg.D.x
261,167.427,141.774,25.653,71.779,12.496,69.995,13.157,2022-09-28 17:41:13.012,20220928193902,mg.D.x
262,167.378,141.751,25.627,71.745,12.5,70.006,13.127,2022-09-28 17:41:13.512,20220928193902,mg.D.x
263,167.376,141.834,25.542,71.826,12.452,70.008,13.09,2022-09-28 17:41:14.012,20220928193902,mg.D.x
264,167.254,141.685,25.569,71.789,12.483,69.896,13.086,2022-09-28 17:41:14.512,20220928193902,mg.D.x
265,167.128,141.591,25.537,71.761,12.463,69.83,13.074,2022-09-28 17:41:15.012,20220928193902,mg.D.x
266,167.232,141.643,25.589,71.81,12.478,69.833,13.111,2022-09-28 17:41:15.512,20220928193902,mg.D.x
267,167.212,141.638,25.574,71.786,12.46,69.852,13.114,2022-09-28 17:41:16.012,20220928193902,mg.D.x
268,167.093,141.615,25.478,71.722,12.409,69.893,13.069,2022-09-28 17:41:16.512,20220928193902,mg.D.x
