data.data.etotal(W),data.data.ecpu(W),data.data.edram(W),data.arch.gemini-1.arch.0.data.ecpu(W),data.arch.gemini-1.arch.0.data.edram(W),data.arch.gemini-1.arch.1.data.ecpu(W),data.arch.gemini-1.arch.1.data.edram(W)
166.976,141.163,25.813,71.486,12.613,69.677,13.2
166.976,141.163,25.813,71.486,12.613,69.677,13.2
166.219,140.601,25.618,71.106,12.512,69.495,13.106
166.043,140.474,25.569,71.0,12.552,69.474,13.017
166.446,140.73,25.716,71.096,12.654,69.634,13.062
166.276,140.601,25.675,71.055,12.596,69.546,13.079
166.591,140.974,25.617,71.256,12.557,69.718,13.06
166.37,140.672,25.698,71.144,12.605,69.528,13.093
166.593,140.918,25.675,71.237,12.596,69.681,13.079
166.242,140.714,25.528,71.098,12.469,69.616,13.059
166.543,140.872,25.671,71.237,12.617,69.635,13.054
166.638,140.961,25.677,71.248,12.593,69.713,13.084
166.327,140.622,25.705,71.13,12.586,69.492,13.119
166.398,140.851,25.547,71.243,12.493,69.608,13.054
166.24,140.62,25.62,71.175,12.534,69.445,13.086
166.495,140.835,25.66,71.272,12.562,69.563,13.098
166.248,140.682,25.566,71.201,12.458,69.481,13.108
166.379,140.731,25.648,71.204,12.59,69.527,13.058
166.282,140.672,25.61,71.194,12.555,69.478,13.055
166.622,140.918,25.704,71.264,12.6,69.654,13.104
166.377,140.721,25.656,71.208,12.594,69.513,13.062
166.389,140.799,25.59,71.303,12.576,69.496,13.014
166.588,140.966,25.622,71.305,12.581,69.661,13.041
166.324,140.602,25.722,71.172,12.598,69.43,13.124
166.45,140.788,25.662,71.289,12.524,69.499,13.138
166.395,140.679,25.716,71.207,12.589,69.472,13.127
166.447,140.791,25.656,71.219,12.577,69.572,13.079
166.176,140.62,25.556,71.131,12.536,69.489,13.02
166.482,140.786,25.696,71.243,12.627,69.543,13.069
166.185,140.622,25.563,71.112,12.539,69.51,13.024
166.233,140.705,25.528,71.12,12.504,69.585,13.024
166.144,140.574,25.57,71.076,12.534,69.498,13.036
166.255,140.692,25.563,71.166,12.518,69.526,13.045
166.203,140.586,25.617,71.107,12.586,69.479,13.031
166.292,140.634,25.658,71.141,12.598,69.493,13.06
166.183,140.534,25.649,71.092,12.576,69.442,13.073
166.282,140.662,25.62,71.135,12.538,69.527,13.082
166.367,140.597,25.77,71.131,12.618,69.466,13.152
166.342,140.625,25.717,71.116,12.614,69.509,13.103
166.208,140.554,25.654,71.052,12.568,69.502,13.086
166.364,140.689,25.675,71.134,12.592,69.555,13.083
166.32,140.624,25.696,71.106,12.556,69.518,13.14
166.394,140.675,25.719,71.141,12.568,69.534,13.151
166.52,140.764,25.756,71.209,12.592,69.555,13.164
166.133,140.599,25.534,71.124,12.549,69.475,12.985
166.323,140.718,25.605,71.198,12.584,69.52,13.021
166.414,140.692,25.722,71.179,12.577,69.513,13.145
166.428,140.716,25.712,71.203,12.583,69.513,13.129
166.283,140.6,25.683,71.155,12.579,69.445,13.104
166.37,140.623,25.747,71.157,12.626,69.466,13.121
166.245,140.629,25.616,71.123,12.582,69.506,13.034
166.254,140.699,25.555,71.118,12.525,69.581,13.03
166.268,140.652,25.616,71.17,12.554,69.482,13.062
166.08,140.491,25.589,71.138,12.515,69.353,13.074
166.238,140.626,25.612,71.173,12.543,69.453,13.069
166.278,140.646,25.632,71.172,12.607,69.474,13.025
166.319,140.66,25.659,71.193,12.574,69.467,13.085
166.357,140.639,25.718,71.202,12.605,69.437,13.113
166.37,140.664,25.706,71.227,12.618,69.437,13.088
166.448,140.754,25.694,71.252,12.599,69.502,13.095
166.478,140.758,25.72,71.222,12.638,69.536,13.082
166.412,140.731,25.681,71.246,12.625,69.485,13.056
166.191,140.573,25.618,71.201,12.55,69.372,13.068
166.359,140.724,25.635,71.234,12.528,69.49,13.107
166.412,140.807,25.605,71.248,12.561,69.559,13.044
166.459,140.863,25.596,71.299,12.579,69.564,13.017
166.595,140.96,25.635,71.36,12.587,69.6,13.048
166.355,140.769,25.586,71.226,12.54,69.543,13.046
166.42,140.753,25.667,71.195,12.59,69.558,13.077
166.266,140.616,25.65,71.147,12.576,69.469,13.074
166.46,140.773,25.687,71.23,12.61,69.543,13.077
166.481,140.791,25.69,71.249,12.63,69.542,13.06
166.392,140.755,25.637,71.2,12.568,69.555,13.069
166.455,140.858,25.597,71.243,12.559,69.615,13.038
166.211,140.609,25.602,71.112,12.584,69.497,13.018
166.205,140.621,25.584,71.101,12.547,69.52,13.037
166.056,140.423,25.633,71.032,12.577,69.391,13.056
166.153,140.5,25.653,71.072,12.557,69.428,13.096
166.244,140.636,25.608,71.173,12.601,69.463,13.007
166.038,140.45,25.588,71.066,12.555,69.384,13.033
166.235,140.556,25.679,71.127,12.627,69.429,13.052
165.999,140.399,25.6,71.006,12.599,69.393,13.001
166.038,140.462,25.576,71.064,12.576,69.398,13.0
166.141,140.562,25.579,71.089,12.547,69.473,13.032
166.044,140.506,25.538,71.0,12.552,69.506,12.986
166.285,140.584,25.701,71.104,12.572,69.48,13.129
166.054,140.346,25.708,70.984,12.574,69.362,13.134
166.036,140.409,25.627,71.039,12.586,69.37,13.041
166.215,140.635,25.58,71.211,12.657,69.424,12.923
165.915,140.262,25.653,70.975,12.582,69.287,13.071
166.068,140.35,25.718,70.977,12.604,69.373,13.114
166.187,140.52,25.667,71.024,12.544,69.496,13.123
165.968,140.328,25.64,70.976,12.563,69.352,13.077
166.29,140.658,25.632,71.216,12.522,69.442,13.11
166.202,140.477,25.725,71.088,12.591,69.389,13.134
166.268,140.542,25.726,71.202,12.638,69.34,13.088
166.389,140.633,25.756,71.187,12.618,69.446,13.138
165.876,140.319,25.557,71.021,12.511,69.298,13.046
166.072,140.452,25.62,71.101,12.571,69.351,13.049
166.448,140.704,25.744,71.146,12.617,69.558,13.127
165.966,140.395,25.571,71.056,12.499,69.339,13.072
166.211,140.475,25.736,71.148,12.565,69.327,13.171
166.339,140.59,25.749,71.095,12.578,69.495,13.171
166.074,140.334,25.74,70.965,12.68,69.369,13.06
165.961,140.411,25.55,71.037,12.548,69.374,13.002
166.513,140.741,25.772,71.161,12.625,69.58,13.147
165.965,140.353,25.612,71.033,12.556,69.32,13.056
166.244,140.492,25.752,71.101,12.638,69.391,13.114
166.29,140.556,25.734,71.036,12.707,69.52,13.027
165.906,140.298,25.608,70.991,12.602,69.307,13.006
166.075,140.446,25.629,71.03,12.597,69.416,13.032
166.541,140.777,25.764,71.089,12.685,69.688,13.079
166.079,140.438,25.641,71.038,12.554,69.4,13.087
165.971,140.28,25.691,70.855,12.576,69.425,13.115
166.178,140.497,25.681,71.026,12.56,69.471,13.121
165.957,140.326,25.631,70.93,12.589,69.396,13.042
166.052,140.447,25.605,70.931,12.558,69.516,13.047
166.313,140.617,25.696,71.097,12.561,69.52,13.135
165.968,140.396,25.572,71.075,12.544,69.321,13.028
165.89,140.255,25.635,70.99,12.543,69.265,13.092
166.147,140.536,25.611,71.065,12.582,69.471,13.029
166.131,140.403,25.728,70.932,12.626,69.471,13.102
165.815,140.143,25.672,70.912,12.61,69.231,13.062
166.156,140.468,25.688,70.977,12.625,69.491,13.063
165.833,140.174,25.659,70.822,12.55,69.352,13.109
165.7,140.041,25.659,70.795,12.563,69.246,13.096
165.708,140.202,25.506,70.772,12.432,69.43,13.074
166.174,140.54,25.634,71.093,12.576,69.447,13.058
166.012,140.248,25.764,70.899,12.678,69.349,13.086
165.835,140.104,25.731,70.874,12.663,69.23,13.068
165.785,140.248,25.537,70.887,12.602,69.361,12.935
166.207,140.545,25.662,71.105,12.604,69.44,13.058
165.965,140.193,25.772,70.898,12.67,69.295,13.102
165.971,140.183,25.788,70.846,12.666,69.337,13.122
165.966,140.368,25.598,70.948,12.598,69.42,13.0
165.87,140.288,25.582,70.848,12.622,69.44,12.96
165.917,140.289,25.628,70.953,12.601,69.336,13.027
165.884,140.202,25.682,70.837,12.545,69.365,13.137
166.065,140.405,25.66,70.931,12.603,69.474,13.057
166.208,140.52,25.688,70.968,12.589,69.552,13.099
166.064,140.308,25.756,70.836,12.655,69.472,13.101
165.951,140.24,25.711,70.838,12.598,69.402,13.113
166.215,140.427,25.788,70.969,12.667,69.458,13.121
166.139,140.439,25.7,70.99,12.607,69.449,13.093
166.089,140.331,25.758,70.972,12.561,69.359,13.197
166.077,140.31,25.767,70.949,12.624,69.361,13.143
166.131,140.463,25.668,71.049,12.588,69.414,13.08
166.17,140.509,25.661,71.081,12.585,69.428,13.076
166.017,140.394,25.623,71.019,12.631,69.375,12.992
166.145,140.514,25.631,71.035,12.626,69.479,13.005
166.008,140.332,25.676,70.961,12.654,69.371,13.022
165.833,140.157,25.676,70.889,12.562,69.268,13.114
166.165,140.469,25.696,71.075,12.571,69.394,13.125
166.085,140.396,25.689,70.991,12.618,69.405,13.071
165.979,140.225,25.754,70.866,12.66,69.359,13.094
166.004,140.261,25.743,70.853,12.67,69.408,13.073
166.125,140.398,25.727,70.931,12.616,69.467,13.111
166.254,140.485,25.769,70.962,12.616,69.523,13.153
166.056,140.284,25.772,70.851,12.643,69.433,13.129
166.104,140.343,25.761,70.908,12.66,69.435,13.101
166.019,140.317,25.702,70.879,12.667,69.438,13.035
165.789,140.137,25.652,70.787,12.613,69.35,13.039
166.142,140.419,25.723,70.968,12.647,69.451,13.076
166.25,140.479,25.771,70.997,12.684,69.482,13.087
166.006,140.306,25.7,70.916,12.597,69.39,13.103
166.062,140.429,25.633,71.02,12.58,69.409,13.053
166.04,140.361,25.679,71.018,12.648,69.343,13.031
165.888,140.169,25.719,70.886,12.66,69.283,13.059
165.915,140.245,25.67,70.9,12.622,69.345,13.048
166.054,140.374,25.68,70.978,12.597,69.396,13.083
165.899,140.234,25.665,70.889,12.582,69.345,13.083
165.825,140.166,25.659,70.856,12.622,69.31,13.037
165.965,140.252,25.713,70.884,12.624,69.368,13.089
165.781,140.147,25.634,70.833,12.534,69.314,13.1
165.877,140.252,25.625,70.822,12.555,69.43,13.07
166.095,140.387,25.708,70.813,12.603,69.574,13.105
166.069,140.354,25.715,70.843,12.606,69.511,13.109
165.985,140.218,25.767,70.784,12.66,69.434,13.107
166.052,140.263,25.789,70.847,12.658,69.416,13.131
165.831,140.161,25.67,70.785,12.599,69.376,13.071
165.818,140.184,25.634,70.736,12.581,69.448,13.053
165.686,140.024,25.662,70.661,12.589,69.363,13.073
165.91,140.205,25.705,70.811,12.619,69.394,13.086
166.15,140.343,25.807,70.846,12.702,69.497,13.105
165.699,139.935,25.764,70.598,12.658,69.337,13.106
165.716,140.055,25.661,70.664,12.612,69.391,13.049
165.923,140.229,25.694,70.793,12.642,69.436,13.052
165.79,140.117,25.673,70.753,12.649,69.364,13.024
165.893,140.238,25.655,70.837,12.628,69.401,13.027
165.988,140.291,25.697,70.828,12.657,69.463,13.04
165.889,140.272,25.617,70.886,12.621,69.386,12.996
165.913,140.329,25.584,70.808,12.579,69.521,13.005
166.099,140.456,25.643,70.905,12.573,69.551,13.07
166.061,140.292,25.769,70.828,12.668,69.464,13.101
165.851,140.136,25.715,70.763,12.671,69.373,13.044
165.952,140.315,25.637,70.92,12.647,69.395,12.99
165.985,140.294,25.691,70.842,12.582,69.452,13.109
166.049,140.287,25.762,70.898,12.68,69.389,13.082
166.063,140.263,25.8,70.716,12.669,69.547,13.131
165.86,140.154,25.706,70.764,12.621,69.39,13.085
165.878,140.244,25.634,70.868,12.585,69.376,13.049
165.986,140.274,25.712,70.759,12.617,69.515,13.095
165.971,140.256,25.715,70.848,12.603,69.408,13.112
165.891,140.214,25.677,70.682,12.615,69.532,13.062
166.081,140.341,25.74,70.86,12.636,69.481,13.104
165.964,140.301,25.663,70.875,12.597,69.426,13.066
165.636,140.02,25.616,70.696,12.553,69.324,13.063
165.908,140.251,25.657,70.794,12.537,69.457,13.12
165.761,140.181,25.58,70.805,12.564,69.376,13.016
166.055,140.358,25.697,70.873,12.604,69.485,13.093
165.73,140.039,25.691,70.705,12.608,69.334,13.083
165.765,140.099,25.666,70.796,12.612,69.303,13.054
165.816,140.147,25.669,70.675,12.604,69.472,13.065
165.714,140.157,25.557,70.827,12.507,69.33,13.05
165.831,140.112,25.719,70.652,12.649,69.46,13.07
165.789,140.149,25.64,70.784,12.626,69.365,13.014
165.827,140.261,25.566,70.75,12.602,69.511,12.964
165.776,140.2,25.576,70.892,12.537,69.308,13.039
166.008,140.367,25.641,70.752,12.64,69.615,13.001
165.838,140.196,25.642,70.82,12.57,69.376,13.072
165.864,140.148,25.716,70.701,12.551,69.447,13.165
165.892,140.158,25.734,70.822,12.609,69.336,13.125
165.863,140.28,25.583,70.79,12.601,69.49,12.982
165.934,140.147,25.787,70.833,12.613,69.314,13.174
165.825,140.19,25.635,70.7,12.647,69.49,12.988
165.791,140.122,25.669,70.8,12.523,69.322,13.146
165.98,140.158,25.822,70.699,12.647,69.459,13.175
165.881,140.15,25.731,70.833,12.622,69.317,13.109
165.774,140.122,25.652,70.723,12.602,69.399,13.05
165.811,140.108,25.703,70.821,12.602,69.287,13.101
165.732,140.076,25.656,70.613,12.532,69.463,13.124
165.667,140.047,25.62,70.717,12.561,69.33,13.059
165.999,140.226,25.773,70.767,12.645,69.459,13.128
165.893,140.153,25.74,70.817,12.616,69.336,13.124
165.747,140.123,25.624,70.716,12.618,69.407,13.006
165.754,140.008,25.746,70.727,12.589,69.281,13.157
165.865,140.072,25.793,70.652,12.624,69.42,13.169
165.903,140.186,25.717,70.744,12.646,69.442,13.071
165.951,140.183,25.768,70.794,12.573,69.389,13.195
165.885,140.134,25.751,70.739,12.574,69.395,13.177
165.94,140.276,25.664,70.739,12.611,69.537,13.053
165.895,140.197,25.698,70.659,12.636,69.538,13.062
165.96,140.256,25.704,70.79,12.522,69.466,13.182
166.134,140.377,25.757,70.774,12.611,69.603,13.146
166.109,140.37,25.739,70.78,12.623,69.59,13.116
165.935,140.162,25.773,70.664,12.663,69.498,13.11
166.014,140.286,25.728,70.77,12.678,69.516,13.05
165.857,140.162,25.695,70.75,12.598,69.412,13.097
165.907,140.214,25.693,70.686,12.579,69.528,13.114
166.037,140.277,25.76,70.823,12.57,69.454,13.19
165.975,140.247,25.728,70.779,12.623,69.468,13.105
165.894,140.131,25.763,70.74,12.635,69.391,13.128
165.773,140.051,25.722,70.65,12.608,69.401,13.114
165.656,140.004,25.652,70.668,12.565,69.336,13.087
165.636,139.975,25.661,70.607,12.554,69.368,13.107
165.813,140.157,25.656,70.697,12.582,69.46,13.074
165.905,140.204,25.701,70.772,12.639,69.432,13.062
165.892,140.173,25.719,70.683,12.612,69.49,13.107
165.922,140.189,25.733,70.736,12.637,69.453,13.096
165.993,140.213,25.78,70.766,12.644,69.447,13.136
166.029,140.274,25.755,70.754,12.6,69.52,13.155
165.778,140.131,25.647,70.746,12.574,69.385,13.073
165.781,140.094,25.687,70.721,12.605,69.373,13.082
165.875,140.14,25.735,70.773,12.648,69.367,13.087
165.849,140.079,25.77,70.752,12.646,69.327,13.124
165.91,140.109,25.801,70.792,12.63,69.317,13.171
166.021,140.213,25.808,70.86,12.642,69.353,13.166
165.995,140.241,25.754,70.79,12.616,69.451,13.138
165.795,140.187,25.608,70.81,12.6,69.377,13.008
165.84,140.155,25.685,70.788,12.654,69.367,13.031
165.968,140.221,25.747,70.781,12.643,69.44,13.104
165.692,140.062,25.63,70.801,12.576,69.261,13.054
165.547,139.939,25.608,70.725,12.545,69.214,13.063
165.745,140.118,25.627,70.795,12.579,69.323,13.048
165.836,140.165,25.671,70.862,12.643,69.303,13.028
166.037,140.316,25.721,70.879,12.678,69.437,13.043
166.029,140.286,25.743,70.867,12.664,69.419,13.079
165.927,140.229,25.698,70.859,12.6,69.37,13.098
165.895,140.232,25.663,70.831,12.551,69.401,13.112
165.841,140.17,25.671,70.85,12.615,69.32,13.056
165.83,140.185,25.645,70.859,12.63,69.326,13.015
165.717,140.102,25.615,70.777,12.579,69.325,13.036
165.802,140.076,25.726,70.823,12.631,69.253,13.095
165.738,140.103,25.635,70.748,12.581,69.355,13.054
165.746,140.152,25.594,70.765,12.612,69.387,12.982
165.792,140.139,25.653,70.861,12.668,69.278,12.985
165.529,139.909,25.62,70.701,12.563,69.208,13.057
165.642,140.085,25.557,70.738,12.569,69.347,12.988
165.838,140.162,25.676,70.836,12.648,69.326,13.028
165.872,140.162,25.71,70.755,12.619,69.407,13.091
165.914,140.117,25.797,70.735,12.668,69.382,13.129
166.041,140.232,25.809,70.899,12.676,69.333,13.133
165.675,139.958,25.717,70.72,12.632,69.238,13.085
165.654,139.987,25.667,70.77,12.6,69.217,13.067
165.716,140.09,25.626,70.848,12.59,69.242,13.036
165.918,140.253,25.665,70.869,12.597,69.384,13.068
165.936,140.133,25.803,70.768,12.663,69.365,13.14
165.952,140.143,25.809,70.829,12.655,69.314,13.154
165.723,139.959,25.764,70.772,12.633,69.187,13.131
166.073,140.256,25.817,70.736,12.667,69.52,13.15
166.04,140.242,25.798,70.785,12.669,69.457,13.129
165.921,140.18,25.741,70.845,12.62,69.335,13.121
165.929,140.263,25.666,70.8,12.6,69.463,13.066
165.37,139.809,25.561,70.561,12.55,69.248,13.011
165.777,140.104,25.673,70.851,12.634,69.253,13.039
166.997,140.751,26.246,71.199,12.974,69.552,13.272
175.1,143.77,31.33,72.275,16.213,71.495,15.117
169.336,136.014,33.322,60.415,15.212,75.599,18.11
197.364,155.611,41.753,76.761,20.032,78.85,21.721
211.044,165.175,45.869,84.739,22.385,80.436,23.484
219.077,169.83,49.247,93.737,28.162,76.093,21.085
220.403,170.083,50.32,90.622,27.474,79.461,22.846
227.247,173.753,53.494,88.422,27.586,85.331,25.908
236.192,179.641,56.551,92.143,29.704,87.498,26.847
230.914,176.614,54.3,91.83,29.243,84.784,25.057
229.265,174.609,54.656,88.504,28.488,86.105,26.168
211.076,160.625,50.451,76.934,24.471,83.691,25.98
225.445,171.121,54.324,85.717,27.278,85.404,27.046
234.042,177.143,56.899,91.249,29.695,85.894,27.204
244.299,184.207,60.092,97.977,32.924,86.23,27.168
233.608,178.769,54.839,92.427,28.824,86.342,26.015
235.849,181.089,54.76,94.817,28.934,86.272,25.826
204.769,163.39,41.379,85.772,22.445,77.618,18.934
211.804,166.135,45.669,85.312,23.719,80.823,21.95
236.143,179.546,56.597,91.956,28.84,87.59,27.757
228.122,175.18,52.942,89.291,27.044,85.889,25.898
209.577,163.59,45.987,81.382,23.343,82.208,22.644
200.865,156.923,43.942,77.079,22.542,79.844,21.4
231.462,181.88,49.582,99.863,26.537,82.017,23.045
218.933,170.098,48.835,87.429,25.33,82.669,23.505
235.995,179.708,56.287,91.791,29.423,87.917,26.864
223.507,167.961,55.546,76.677,26.333,91.284,29.213
232.42,176.316,56.104,86.756,28.085,89.56,28.019
243.402,186.526,56.876,99.301,30.429,87.225,26.447
241.323,185.033,56.29,101.621,31.443,83.412,24.847
206.643,160.531,46.112,79.723,23.605,80.808,22.507
214.47,166.577,47.893,84.166,24.604,82.411,23.289
240.845,187.326,53.519,103.038,29.529,84.288,23.99
195.518,157.299,38.219,81.354,20.772,75.945,17.447
224.795,172.89,51.905,87.263,26.518,85.627,25.387
241.753,184.25,57.503,94.76,29.652,89.49,27.851
191.947,150.207,41.74,69.716,19.911,80.491,21.829
225.542,174.86,50.682,91.045,26.562,83.815,24.12
227.093,178.538,48.555,97.565,26.64,80.973,21.915
196.088,156.424,39.664,79.64,20.554,76.784,19.11
216.289,166.397,49.892,82.057,24.991,84.34,24.901
248.116,190.592,57.524,101.373,30.063,89.219,27.461
186.743,147.75,38.993,65.38,18.207,82.37,20.786
204.435,164.077,40.358,88.821,21.962,75.256,18.396
205.85,164.415,41.435,88.453,22.368,75.962,19.067
201.027,159.294,41.733,79.629,21.161,79.665,20.572
214.076,169.982,44.094,90.776,23.172,79.206,20.922
223.537,172.838,50.699,87.828,25.144,85.01,25.555
184.49,150.922,33.568,77.252,17.544,73.67,16.024
221.217,172.004,49.213,85.576,23.995,86.428,25.218
196.652,154.951,41.701,71.296,18.425,83.655,23.276
206.38,161.169,45.211,77.176,21.278,83.993,23.933
221.321,170.962,50.359,86.106,25.367,84.856,24.992
217.908,168.875,49.033,86.792,24.941,82.083,24.092
231.871,179.105,52.766,95.735,27.485,83.37,25.281
260.117,198.338,61.779,108.563,32.136,89.775,29.643
229.196,171.508,57.688,76.835,25.206,94.673,32.482
229.643,176.227,53.416,91.215,27.207,85.012,26.209
236.863,182.687,54.176,98.569,28.664,84.118,25.512
246.909,190.506,56.403,102.176,29.075,88.33,27.328
192.027,151.655,40.372,67.007,17.806,84.648,22.566
208.157,163.635,44.522,80.956,21.493,82.679,23.029
208.801,166.416,42.385,88.805,22.209,77.611,20.176
207.593,168.232,39.361,96.529,22.747,71.703,16.614
232.605,177.453,55.152,89.394,26.831,88.059,28.321
230.594,172.905,57.689,78.482,25.723,94.423,31.966
244.797,186.473,58.324,98.04,29.817,88.433,28.507
239.152,186.179,52.973,104.152,29.021,82.027,23.952
203.149,161.233,41.916,80.974,20.514,80.259,21.402
232.859,175.05,57.809,84.616,27.893,90.434,29.916
236.507,178.251,58.256,85.333,26.783,92.918,31.473
236.271,180.6,55.671,89.557,26.118,91.043,29.553
232.008,183.499,48.509,99.81,25.499,83.689,23.01
231.953,176.926,55.027,93.254,29.11,83.672,25.917
221.025,169.584,51.441,85.41,25.928,84.174,25.513
201.273,158.399,42.874,73.311,19.019,85.088,23.855
255.584,196.343,59.241,112.541,32.615,83.802,26.626
244.188,185.524,58.664,97.496,29.974,88.028,28.69
238.689,181.927,56.762,93.021,28.209,88.906,28.553
220.877,171.322,49.555,86.512,24.407,84.81,25.148
190.419,154.525,35.894,78.656,17.765,75.869,18.129
200.835,159.837,40.998,80.806,20.212,79.031,20.786
214.268,166.421,47.847,80.908,22.203,85.513,25.644
209.267,163.022,46.245,75.752,19.67,87.27,26.575
219.918,169.983,49.935,89.001,26.745,80.982,23.19
235.182,182.085,53.097,98.111,27.959,83.974,25.138
223.424,173.512,49.912,88.032,24.381,85.48,25.531
199.068,154.815,44.253,70.657,20.066,84.158,24.187
223.722,172.741,50.981,88.33,25.383,84.411,25.598
253.302,194.569,58.733,107.699,31.181,86.87,27.552
238.586,181.378,57.208,89.785,26.959,91.593,30.249
225.316,172.95,52.366,84.258,24.699,88.692,27.667
232.607,183.706,48.901,104.853,28.354,78.853,20.547
226.545,171.158,55.387,78.317,24.375,92.841,31.012
235.211,180.385,54.826,93.053,27.832,87.332,26.994
232.201,180.364,51.837,96.619,27.914,83.745,23.923
199.604,156.221,43.383,70.039,19.254,86.182,24.129
216.395,173.067,43.328,98.03,24.89,75.037,18.438
225.042,173.342,51.7,86.572,25.649,86.77,26.051
225.184,171.878,53.306,81.542,24.763,90.336,28.543
217.208,174.168,43.04,99.284,23.223,74.884,19.817
219.04,167.517,51.523,81.074,25.668,86.443,25.855
233.426,178.469,54.957,91.356,28.155,87.113,26.802
252.567,193.202,59.365,105.227,31.321,87.975,28.044
235.143,180.663,54.48,93.641,27.676,87.022,26.804
226.976,175.388,51.588,89.498,25.91,85.89,25.678
223.54,172.992,50.548,86.34,24.3,86.652,26.248
209.961,161.863,48.098,77.001,22.859,84.862,25.239
233.084,179.053,54.031,92.345,27.204,86.708,26.827
253.055,192.004,61.051,100.025,30.307,91.979,30.744
231.306,172.486,58.82,76.754,25.617,95.732,33.203
219.05,175.519,43.531,99.216,24.383,76.303,19.148
224.581,173.966,50.615,90.222,26.05,83.744,24.565
226.623,172.655,53.968,85.124,26.672,87.531,27.296
202.379,166.041,36.338,92.449,19.649,73.592,16.689
218.266,169.37,48.896,85.167,24.182,84.203,24.714
238.805,183.048,55.757,94.141,27.985,88.907,27.772
210.736,162.378,48.358,77.019,22.902,85.359,25.456
228.838,176.671,52.167,90.181,25.866,86.49,26.301
248.312,191.564,56.748,103.41,29.317,88.154,27.431
217.004,168.09,48.914,81.66,23.276,86.43,25.638
195.207,152.799,42.408,66.656,17.868,86.143,24.54
235.844,182.679,53.165,101.114,29.313,81.565,23.852
229.833,178.422,51.411,94.879,27.125,83.543,24.286
215.422,168.482,46.94,84.075,23.196,84.407,23.744
193.919,154.064,39.855,71.999,18.533,82.065,21.322
204.17,167.1,37.07,95.216,21.166,71.884,15.904
222.278,174.206,48.072,91.245,24.545,82.961,23.527
209.573,165.645,43.928,84.31,22.005,81.335,21.923
214.739,165.244,49.495,78.044,22.62,87.2,26.875
228.798,171.683,57.115,78.55,25.289,93.133,31.826
245.088,185.983,59.105,96.606,29.714,89.377,29.391
235.882,183.125,52.757,100.652,28.487,82.473,24.27
228.214,177.046,51.168,94.469,27.154,82.577,24.014
226.344,170.372,55.972,79.479,26.343,90.893,29.629
208.41,164.242,44.168,79.968,19.887,84.274,24.281
210.531,166.057,44.474,82.842,21.25,83.215,23.224
212.067,167.371,44.696,84.923,22.237,82.448,22.459
223.718,179.126,44.592,103.867,26.065,75.259,18.527
220.502,169.546,50.956,82.015,23.808,87.531,27.148
228.284,174.155,54.129,84.765,25.544,89.39,28.585
247.556,191.793,55.763,108.467,31.103,83.326,24.66
199.058,155.775,43.283,72.885,19.936,82.89,23.347
217.241,168.474,48.767,84.052,23.993,84.422,24.774
242.819,186.597,56.222,99.909,29.278,86.688,26.944
251.747,192.485,59.262,102.656,29.621,89.829,29.641
231.832,174.587,57.245,84.208,27.82,90.379,29.425
228.062,174.087,53.975,85.571,26.118,88.516,27.857
234.302,180.632,53.67,93.096,26.67,87.536,27.0
251.23,193.864,57.366,106.189,30.23,87.675,27.136
196.848,153.784,43.064,71.617,19.987,82.167,23.077
248.901,192.48,56.421,104.956,29.32,87.524,27.101
209.723,164.47,45.253,82.696,20.921,81.774,24.332
232.819,179.168,53.651,91.481,26.724,87.687,26.927
229.418,176.344,53.074,88.336,26.612,88.008,26.462
192.906,151.012,41.894,68.958,19.222,82.054,22.672
261.537,202.103,59.434,113.49,31.843,88.613,27.591
207.772,162.603,45.169,81.753,21.319,80.85,23.85
232.509,179.286,53.223,91.893,26.677,87.393,26.546
241.878,185.776,56.102,96.691,28.658,89.085,27.444
224.153,173.243,50.91,87.368,25.005,85.875,25.905
204.994,159.445,45.549,74.76,21.079,84.685,24.47
232.519,179.602,52.917,94.692,27.483,84.91,25.434
239.225,184.652,54.573,97.247,27.526,87.405,27.047
234.383,178.172,56.211,86.716,26.198,91.456,30.013
231.969,175.091,56.878,83.005,26.234,92.086,30.644
249.461,192.387,57.074,108.332,31.748,84.055,25.326
223.296,173.12,50.176,89.183,25.76,83.937,24.416
225.343,174.709,50.634,89.483,25.112,85.226,25.522
242.138,186.586,55.552,98.596,27.622,87.99,27.93
226.305,174.934,51.371,88.066,24.951,86.868,26.42
202.022,160.064,41.958,79.644,20.325,80.42,21.633
213.658,169.438,44.22,89.631,22.975,79.807,21.245
236.812,181.155,55.657,92.379,27.32,88.776,28.337
225.651,174.622,51.029,88.767,25.095,85.855,25.934
207.798,161.538,46.26,77.906,22.042,83.632,24.218
221.124,170.913,50.211,83.207,23.197,87.706,27.014
237.53,183.328,54.202,96.658,27.478,86.67,26.724
240.004,185.674,54.33,100.886,28.773,84.788,25.557
218.13,169.53,48.6,85.317,24.008,84.213,24.592
214.041,165.351,48.69,80.348,23.757,85.003,24.933
209.252,169.457,39.795,91.825,20.992,77.632,18.803
201.18,158.541,42.639,77.969,20.502,80.572,22.137
235.196,180.734,54.462,93.723,26.092,87.011,28.37
239.891,182.349,57.542,91.796,28.002,90.553,29.54
231.473,176.572,54.901,86.752,27.02,89.82,27.881
208.183,168.459,39.724,90.958,20.384,77.501,19.34
222.331,168.728,53.603,76.996,23.511,91.732,30.092
232.707,176.236,56.471,84.984,26.294,91.252,30.177
242.359,184.403,57.956,95.364,28.961,89.039,28.995
245.595,187.837,57.758,102.358,30.966,85.479,26.792
251.465,191.947,59.518,102.278,30.262,89.669,29.256
254.358,193.403,60.955,98.254,28.442,95.149,32.513
229.388,174.879,54.509,90.796,28.461,84.083,26.048
217.333,168.362,48.971,83.906,23.919,84.456,25.052
224.898,174.62,50.278,88.93,24.567,85.69,25.711
244.41,187.51,56.9,99.598,28.915,87.912,27.985
228.24,171.764,56.476,77.636,24.664,94.128,31.812
216.086,171.783,44.303,92.545,23.367,79.238,20.936
219.4,174.49,44.91,96.102,24.373,78.388,20.537
237.182,180.992,56.19,91.968,27.552,89.024,28.638
228.821,176.087,52.734,88.897,25.831,87.19,26.903
194.642,152.488,42.154,70.591,19.584,81.897,22.57
233.003,180.95,52.053,95.79,26.725,85.16,25.328
241.021,185.457,55.564,98.673,28.308,86.784,27.256
247.192,187.802,59.39,96.129,28.537,91.673,30.853
233.124,177.159,55.965,85.785,26.138,91.374,29.827
216.231,165.538,50.693,77.783,23.969,87.755,26.724
222.261,172.26,50.001,90.421,26.099,81.839,23.902
233.737,181.024,52.713,98.574,28.15,82.45,24.563
251.618,193.265,58.353,105.207,30.425,88.058,27.928
220.765,171.075,49.69,85.983,24.435,85.092,25.255
198.148,155.247,42.901,71.714,19.603,83.533,23.298
215.632,169.9,45.732,86.884,21.699,83.016,24.033
228.092,176.939,51.153,92.257,25.886,84.682,25.267
235.145,179.946,55.199,92.988,28.381,86.958,26.818
236.399,177.863,58.536,83.97,26.593,93.893,31.943
231.161,177.791,53.37,89.961,26.398,87.83,26.972
230.757,179.206,51.551,94.466,26.905,84.74,24.646
258.052,196.843,61.209,112.376,34.27,84.467,26.939
228.944,172.137,56.807,78.041,25.261,94.096,31.546
234.909,179.119,55.79,90.882,27.974,88.237,27.816
241.535,186.299,55.236,103.164,30.606,83.135,24.63
249.014,190.938,58.076,102.47,29.952,88.468,28.124
229.743,172.69,57.053,77.492,25.74,95.198,31.313
241.54,183.89,57.65,95.624,29.194,88.266,28.456
248.605,190.619,57.986,106.397,31.323,84.222,26.663
239.826,182.302,57.524,92.578,28.846,89.724,28.678
230.336,173.009,57.327,77.756,25.559,95.253,31.768
241.912,184.922,56.99,98.961,29.652,85.961,27.338
246.061,188.754,57.307,103.681,30.507,85.073,26.8
239.722,182.337,57.385,91.876,27.92,90.461,29.465
226.313,170.101,56.212,75.83,24.383,94.271,31.829
243.921,187.902,56.019,103.281,30.398,84.621,25.621
241.459,184.474,56.985,95.708,28.452,88.766,28.533
239.321,180.923,58.398,87.929,26.861,92.994,31.537
250.964,191.544,59.42,105.96,32.675,85.584,26.745
241.322,181.897,59.425,89.829,27.704,92.068,31.721
241.835,183.421,58.414,93.803,28.99,89.618,29.424
245.018,187.502,57.516,101.893,31.538,85.609,25.978
242.812,185.623,57.189,97.672,29.362,87.951,27.827
234.665,175.862,58.803,81.577,26.283,94.285,32.52
242.014,183.82,58.194,94.792,29.235,89.028,28.959
248.71,190.985,57.725,105.833,31.673,85.152,26.052
244.895,186.257,58.638,94.406,29.135,91.851,29.503
220.743,170.277,50.466,82.24,22.273,88.037,28.193
233.116,178.084,55.032,92.257,28.338,85.827,26.694
239.19,182.364,56.826,96.581,30.257,85.783,26.569
246.216,188.638,57.578,100.208,29.448,88.43,28.13
239.503,182.452,57.051,93.747,28.315,88.705,28.736
237.248,181.269,55.979,92.152,27.625,89.117,28.354
223.847,168.983,54.864,75.127,23.601,93.856,31.263
220.25,173.656,46.594,93.374,24.821,80.282,21.773
201.078,164.56,36.518,92.599,20.996,71.961,15.522
169.893,143.578,26.315,73.421,12.877,70.157,13.438
169.133,143.091,26.042,72.99,12.744,70.101,13.298
167.694,142.103,25.591,72.145,12.505,69.958,13.086
167.915,142.293,25.622,72.203,12.494,70.09,13.128
167.975,142.28,25.695,72.236,12.49,70.044,13.205
167.693,142.092,25.601,72.165,12.44,69.927,13.161
167.406,141.763,25.643,71.938,12.42,69.825,13.223
167.951,142.266,25.685,72.151,12.489,70.115,13.196
167.619,141.845,25.774,71.924,12.56,69.921,13.214
167.601,141.927,25.674,72.004,12.525,69.923,13.149
167.464,141.756,25.708,71.919,12.525,69.837,13.183
167.364,141.794,25.57,71.955,12.467,69.839,13.103
167.545,141.884,25.661,71.94,12.495,69.944,13.166
167.406,141.678,25.728,71.82,12.501,69.858,13.227
167.575,141.841,25.734,71.991,12.575,69.85,13.159
167.385,141.769,25.616,71.897,12.57,69.872,13.046
167.31,141.67,25.64,71.887,12.533,69.783,13.107
167.475,141.746,25.729,71.9,12.547,69.846,13.182
167.306,141.667,25.639,71.891,12.564,69.776,13.075
167.805,142.16,25.645,72.099,12.547,70.061,13.098
167.462,141.701,25.761,71.813,12.574,69.888,13.187
167.132,141.69,25.442,71.91,12.369,69.78,13.073
167.579,141.744,25.835,71.887,12.627,69.857,13.208
166.821,141.224,25.597,71.576,12.479,69.648,13.118
167.244,141.645,25.599,71.892,12.562,69.753,13.037
166.977,141.399,25.578,71.703,12.451,69.696,13.127
167.412,141.742,25.67,71.866,12.588,69.876,13.082
167.073,141.532,25.541,71.829,12.499,69.703,13.042
167.076,141.45,25.626,71.762,12.561,69.688,13.065
167.299,141.678,25.621,71.899,12.536,69.779,13.085
166.976,141.413,25.563,71.791,12.502,69.622,13.061
167.203,141.58,25.623,71.833,12.529,69.747,13.094
166.912,141.314,25.598,71.642,12.486,69.672,13.112
167.44,141.874,25.566,71.943,12.527,69.931,13.039
167.12,141.418,25.702,71.762,12.571,69.656,13.131
167.389,141.653,25.736,71.868,12.59,69.785,13.146
167.111,141.398,25.713,71.722,12.609,69.676,13.104
166.917,141.35,25.567,71.711,12.481,69.639,13.086
167.213,141.595,25.618,71.765,12.522,69.83,13.096
166.996,141.377,25.619,71.625,12.489,69.752,13.13
167.075,141.496,25.579,71.743,12.479,69.753,13.1
166.903,141.347,25.556,71.667,12.461,69.68,13.095
167.137,141.539,25.598,71.772,12.507,69.767,13.091
166.866,141.25,25.616,71.663,12.499,69.587,13.117
166.922,141.24,25.682,71.642,12.553,69.598,13.129
167.098,141.433,25.665,71.773,12.539,69.66,13.126
166.978,141.302,25.676,71.759,12.548,69.543,13.128
167.474,141.688,25.786,71.931,12.573,69.757,13.213
167.026,141.377,25.649,71.728,12.534,69.649,13.115
166.835,141.24,25.595,71.574,12.523,69.666,13.072
166.877,141.269,25.608,71.678,12.507,69.591,13.101
166.911,141.383,25.528,71.775,12.47,69.608,13.058
166.854,141.226,25.628,71.667,12.512,69.559,13.116
166.766,141.126,25.64,71.615,12.544,69.511,13.096
166.938,141.341,25.597,71.742,12.537,69.599,13.06
166.723,141.197,25.526,71.643,12.445,69.554,13.081
166.9,141.351,25.549,71.715,12.479,69.636,13.07
166.987,141.397,25.59,71.755,12.487,69.642,13.103
167.153,141.521,25.632,71.82,12.485,69.701,13.147
167.068,141.401,25.667,71.752,12.559,69.649,13.108
167.045,141.404,25.641,71.771,12.541,69.633,13.1
166.851,141.267,25.584,71.703,12.457,69.564,13.127
166.914,141.317,25.597,71.725,12.469,69.592,13.128
166.853,141.32,25.533,71.719,12.47,69.601,13.063
166.872,141.331,25.541,71.745,12.495,69.586,13.046
166.762,141.218,25.544,71.668,12.535,69.55,13.009
166.985,141.322,25.663,71.679,12.549,69.643,13.114
166.913,141.321,25.592,71.673,12.462,69.648,13.13
166.848,141.341,25.507,71.699,12.46,69.642,13.047
166.925,141.366,25.559,71.785,12.526,69.581,13.033
167.017,141.317,25.7,71.72,12.595,69.597,13.105
166.981,141.288,25.693,71.628,12.54,69.66,13.153
166.86,141.268,25.592,71.698,12.483,69.57,13.109
166.966,141.385,25.581,71.784,12.498,69.601,13.083
166.809,141.267,25.542,71.661,12.479,69.606,13.063
166.778,141.196,25.582,71.618,12.516,69.578,13.066
166.86,141.246,25.614,71.687,12.531,69.559,13.083
166.822,141.238,25.584,71.718,12.514,69.52,13.07
166.84,141.305,25.535,71.711,12.472,69.594,13.063
166.771,141.202,25.569,71.635,12.495,69.567,13.074
166.673,141.036,25.637,71.586,12.512,69.45,13.125
166.536,140.919,25.617,71.505,12.452,69.414,13.165
166.825,141.182,25.643,71.608,12.532,69.574,13.111
166.795,141.124,25.671,71.584,12.59,69.54,13.081
166.955,141.29,25.665,71.651,12.558,69.639,13.107
166.753,141.136,25.617,71.563,12.541,69.573,13.076
166.784,141.133,25.651,71.665,12.556,69.468,13.095
166.776,141.165,25.611,71.65,12.535,69.515,13.076
166.526,141.116,25.41,71.645,12.461,69.471,12.949
166.807,141.252,25.555,71.667,12.518,69.585,13.037
166.648,141.103,25.545,71.534,12.51,69.569,13.035
166.677,141.005,25.672,71.54,12.602,69.465,13.07
166.749,141.091,25.658,71.647,12.597,69.444,13.061
166.784,141.113,25.671,71.599,12.563,69.514,13.108
166.459,140.934,25.525,71.549,12.467,69.385,13.058
166.799,141.152,25.647,71.659,12.514,69.493,13.133
166.586,140.982,25.604,71.558,12.515,69.424,13.089
166.406,140.771,25.635,71.443,12.552,69.328,13.083
166.391,140.789,25.602,71.473,12.588,69.316,13.014
166.521,140.896,25.625,71.499,12.544,69.397,13.081
166.456,140.89,25.566,71.588,12.523,69.302,13.043
166.465,140.927,25.538,71.502,12.459,69.425,13.079
166.484,140.89,25.594,71.562,12.493,69.328,13.101
166.635,141.012,25.623,71.542,12.552,69.47,13.071
166.375,140.756,25.619,71.436,12.57,69.32,13.049
166.6,141.021,25.579,71.521,12.563,69.5,13.016
166.507,140.85,25.657,71.421,12.554,69.429,13.103
166.465,140.837,25.628,71.52,12.493,69.317,13.135
166.327,140.637,25.69,71.341,12.553,69.296,13.137
166.334,140.714,25.62,71.404,12.535,69.31,13.085
166.574,141.002,25.572,71.553,12.527,69.449,13.045
166.56,140.942,25.618,71.533,12.448,69.409,13.17
166.253,140.703,25.55,71.394,12.506,69.309,13.044
166.548,140.943,25.605,71.52,12.542,69.423,13.063
166.573,140.951,25.622,71.508,12.488,69.443,13.134
165.985,140.383,25.602,71.257,12.557,69.126,13.045
166.561,140.832,25.729,71.484,12.567,69.348,13.162
166.326,140.708,25.618,71.417,12.56,69.291,13.058
166.215,140.527,25.688,71.35,12.567,69.177,13.121
166.576,140.845,25.731,71.563,12.573,69.282,13.158
166.376,140.83,25.546,71.525,12.52,69.305,13.026
202.542,164.256,38.286,78.845,17.452,85.411,20.834
220.369,175.604,44.765,91.254,22.434,84.35,22.331
225.509,179.103,46.406,91.223,22.713,87.88,23.693
224.425,178.234,46.191,89.261,22.037,88.973,24.154
217.662,172.763,44.899,91.458,22.369,81.305,22.53
224.238,179.198,45.04,92.298,22.937,86.9,22.103
223.783,178.241,45.542,89.054,22.368,89.187,23.174
222.938,177.338,45.6,89.131,22.145,88.207,23.455
223.116,178.172,44.944,94.891,22.672,83.281,22.272
229.881,182.296,47.585,91.778,22.663,90.518,24.922
225.788,179.373,46.415,92.122,22.821,87.251,23.594
224.965,178.764,46.201,92.183,23.022,86.581,23.179
229.032,181.588,47.444,91.7,23.271,89.888,24.173
222.024,177.249,44.775,92.102,22.509,85.147,22.266
221.137,176.151,44.986,89.587,22.529,86.564,22.457
223.839,177.87,45.969,89.208,22.574,88.662,23.395
231.399,183.511,47.888,92.263,22.626,91.248,25.262
226.392,179.905,46.487,91.991,22.822,87.914,23.665
231.843,183.952,47.891,95.008,23.61,88.944,24.281
226.85,180.339,46.511,92.57,22.828,87.769,23.683
220.437,175.732,44.705,89.527,21.854,86.205,22.851
228.36,182.071,46.289,95.247,23.147,86.824,23.142
228.023,181.021,47.002,92.357,22.939,88.664,24.063
224.955,178.86,46.095,90.257,22.61,88.603,23.485
221.434,176.653,44.781,88.652,22.306,88.001,22.475
235.177,186.599,48.578,96.863,24.224,89.736,24.354
225.891,179.992,45.899,91.137,22.758,88.855,23.141
215.848,173.055,42.793,89.812,21.182,83.243,21.611
208.757,168.366,40.391,90.736,20.155,77.63,20.236
225.695,180.71,44.985,92.893,23.225,87.817,21.76
227.725,180.302,47.423,91.754,22.991,88.548,24.432
227.085,179.88,47.205,92.042,23.036,87.838,24.169
225.569,179.287,46.282,91.963,23.076,87.324,23.206
223.137,178.195,44.942,89.784,22.908,88.411,22.034
229.109,181.484,47.625,95.001,23.624,86.483,24.001
226.406,180.144,46.262,91.959,23.088,88.185,23.174
227.164,181.067,46.097,90.896,22.771,90.171,23.326
232.156,184.572,47.584,92.838,22.832,91.734,24.752
222.128,177.388,44.74,89.563,22.248,87.825,22.492
225.066,178.856,46.21,91.76,23.035,87.096,23.175
227.0,180.198,46.802,92.839,23.334,87.359,23.468
227.31,181.222,46.088,92.222,22.909,89.0,23.179
225.748,179.784,45.964,92.033,22.832,87.751,23.132
224.643,178.3,46.343,93.774,23.626,84.526,22.717
222.562,176.945,45.617,91.644,23.134,85.301,22.483
219.74,175.975,43.765,85.463,21.251,90.512,22.514
226.157,179.237,46.92,94.819,23.871,84.418,23.049
228.688,181.899,46.789,95.423,23.345,86.476,23.444
229.086,182.521,46.565,94.72,23.06,87.801,23.505
226.093,179.892,46.201,91.952,23.165,87.94,23.036
226.812,179.893,46.919,92.315,23.189,87.578,23.73
231.103,183.559,47.544,92.246,23.379,91.313,24.165
231.708,184.367,47.341,92.267,23.261,92.1,24.08
225.999,180.206,45.793,92.481,22.62,87.725,23.173
222.885,177.38,45.505,89.371,22.862,88.009,22.643
228.396,181.33,47.066,92.649,23.697,88.681,23.369
220.19,176.31,43.88,92.558,22.465,83.752,21.415
187.3,154.924,32.376,84.855,17.444,70.069,14.932
167.124,141.49,25.634,71.829,12.529,69.661,13.105
167.218,141.62,25.598,71.867,12.494,69.753,13.104
166.842,141.299,25.543,71.704,12.453,69.595,13.09
167.165,141.56,25.605,71.862,12.549,69.698,13.056
166.912,141.401,25.511,71.787,12.412,69.614,13.099
166.967,141.425,25.542,71.763,12.457,69.662,13.085
167.176,141.431,25.745,71.751,12.523,69.68,13.222
166.821,141.221,25.6,71.604,12.48,69.617,13.12
167.069,141.453,25.616,71.783,12.54,69.67,13.076
166.73,141.197,25.533,71.638,12.518,69.559,13.015
166.899,141.194,25.705,71.588,12.574,69.606,13.131
166.854,141.197,25.657,71.674,12.523,69.523,13.134
166.845,141.212,25.633,71.749,12.567,69.463,13.066
166.879,141.256,25.623,71.753,12.487,69.503,13.136
166.732,141.001,25.731,71.621,12.543,69.38,13.188
166.921,141.216,25.705,71.759,12.536,69.457,13.169
166.904,141.273,25.631,71.774,12.544,69.499,13.087
166.503,141.031,25.472,71.637,12.358,69.394,13.114
166.89,141.242,25.648,71.742,12.509,69.5,13.139
166.459,140.887,25.572,71.488,12.471,69.399,13.101
166.861,141.245,25.616,71.727,12.509,69.518,13.107
166.977,141.235,25.742,71.793,12.549,69.442,13.193
166.74,141.083,25.657,71.651,12.534,69.432,13.123
166.885,141.19,25.695,71.666,12.552,69.524,13.143
166.877,141.167,25.71,71.627,12.54,69.54,13.17
166.66,140.989,25.671,71.525,12.475,69.464,13.196
166.782,141.146,25.636,71.598,12.523,69.548,13.113
166.499,140.854,25.645,71.381,12.521,69.473,13.124
166.717,140.993,25.724,71.509,12.581,69.484,13.143
166.857,141.086,25.771,71.591,12.574,69.495,13.197
166.433,140.809,25.624,71.539,12.553,69.27,13.071
166.484,140.979,25.505,71.607,12.512,69.372,12.993
166.401,140.909,25.492,71.537,12.493,69.372,12.999
166.603,140.926,25.677,71.563,12.564,69.363,13.113
166.534,140.928,25.606,71.527,12.511,69.401,13.095
166.477,140.942,25.535,71.548,12.496,69.394,13.039
166.519,140.933,25.586,71.587,12.537,69.346,13.049
166.374,140.745,25.629,71.497,12.552,69.248,13.077
166.255,140.649,25.606,71.432,12.535,69.217,13.071
166.535,140.881,25.654,71.496,12.518,69.385,13.136
166.601,140.939,25.662,71.584,12.523,69.355,13.139
166.32,140.766,25.554,71.534,12.476,69.232,13.078
166.413,140.881,25.532,71.563,12.465,69.318,13.067
166.488,140.933,25.555,71.567,12.52,69.366,13.035
166.419,140.78,25.639,71.437,12.571,69.343,13.068
166.6,140.912,25.688,71.454,12.583,69.458,13.105
166.562,140.907,25.655,71.469,12.543,69.438,13.112
166.315,140.786,25.529,71.478,12.436,69.308,13.093
166.423,140.962,25.461,71.577,12.407,69.385,13.054
166.45,140.842,25.608,71.514,12.518,69.328,13.09
166.373,140.755,25.618,71.511,12.557,69.244,13.061
166.506,140.892,25.614,71.586,12.54,69.306,13.074
166.37,140.728,25.642,71.463,12.516,69.265,13.126
166.563,140.921,25.642,71.523,12.565,69.398,13.077
166.661,141.024,25.637,71.603,12.574,69.421,13.063
166.533,140.841,25.692,71.539,12.547,69.302,13.145
166.621,140.877,25.744,71.542,12.595,69.335,13.149
166.345,140.732,25.613,71.528,12.543,69.204,13.07
166.528,140.897,25.631,71.655,12.557,69.242,13.074
166.614,140.884,25.73,71.568,12.623,69.316,13.107
166.377,140.661,25.716,71.455,12.529,69.206,13.187
166.565,140.799,25.766,71.499,12.574,69.3,13.192
166.742,140.952,25.79,71.515,12.604,69.437,13.186
166.385,140.692,25.693,71.424,12.555,69.268,13.138
166.376,140.74,25.636,71.493,12.521,69.247,13.115
166.671,140.962,25.709,71.643,12.591,69.319,13.118
166.322,140.651,25.671,71.442,12.572,69.209,13.099
166.497,140.843,25.654,71.525,12.57,69.318,13.084
166.194,140.695,25.499,71.439,12.458,69.256,13.041
166.445,140.867,25.578,71.489,12.538,69.378,13.04
166.576,140.915,25.661,71.559,12.543,69.356,13.118
166.296,140.785,25.511,71.425,12.431,69.36,13.08
166.445,140.866,25.579,71.531,12.492,69.335,13.087
166.698,140.972,25.726,71.533,12.542,69.439,13.184
166.367,140.738,25.629,71.4,12.469,69.338,13.16
166.721,140.903,25.818,71.512,12.623,69.391,13.195
166.514,140.757,25.757,71.391,12.589,69.366,13.168
166.484,140.744,25.74,71.405,12.576,69.339,13.164
166.38,140.673,25.707,71.483,12.576,69.19,13.131
166.518,140.836,25.682,71.466,12.566,69.37,13.116
166.068,140.446,25.622,71.299,12.478,69.147,13.144
166.184,140.543,25.641,71.261,12.521,69.282,13.12
166.36,140.717,25.643,71.423,12.53,69.294,13.113
166.328,140.64,25.688,71.389,12.556,69.251,13.132
165.921,140.376,25.545,71.172,12.463,69.204,13.082
166.373,140.744,25.629,71.361,12.556,69.383,13.073
165.926,140.364,25.562,71.26,12.5,69.104,13.062
166.333,140.605,25.728,71.31,12.582,69.295,13.146
166.751,141.1,25.651,71.545,12.517,69.555,13.134
166.297,140.72,25.577,71.337,12.522,69.383,13.055
166.195,140.551,25.644,71.301,12.517,69.25,13.127
166.57,140.907,25.663,71.444,12.521,69.463,13.142
166.56,140.912,25.648,71.324,12.552,69.588,13.096
166.575,140.885,25.69,71.467,12.561,69.418,13.129
166.308,140.685,25.623,71.355,12.509,69.33,13.114
166.499,140.869,25.63,71.404,12.531,69.465,13.099
166.25,140.644,25.606,71.269,12.559,69.375,13.047
166.244,140.587,25.657,71.246,12.539,69.341,13.118
166.722,141.024,25.698,71.474,12.519,69.55,13.179
166.319,140.749,25.57,71.31,12.497,69.439,13.073
166.159,140.52,25.639,71.23,12.562,69.29,13.077
166.341,140.629,25.712,71.256,12.585,69.373,13.127
166.931,141.105,25.826,71.459,12.623,69.646,13.203
166.515,140.823,25.692,71.387,12.574,69.436,13.118
166.262,140.663,25.599,71.293,12.514,69.37,13.085
166.528,140.842,25.686,71.352,12.565,69.49,13.121
166.344,140.73,25.614,71.347,12.549,69.383,13.065
166.375,140.703,25.672,71.249,12.575,69.454,13.097
166.369,140.757,25.612,71.275,12.528,69.482,13.084
166.582,140.998,25.584,71.4,12.534,69.598,13.05
166.434,140.859,25.575,71.354,12.57,69.505,13.005
166.602,140.928,25.674,71.345,12.591,69.583,13.083
166.577,140.853,25.724,71.271,12.588,69.582,13.136
166.54,140.851,25.689,71.289,12.551,69.562,13.138
166.699,141.033,25.666,71.41,12.552,69.623,13.114
166.49,140.82,25.67,71.314,12.621,69.506,13.049
166.284,140.613,25.671,71.193,12.577,69.42,13.094
166.332,140.676,25.656,71.193,12.51,69.483,13.146
166.522,140.801,25.721,66.184,11.692,74.617,14.029
174.4,148.609,25.791,68.226,11.404,80.383,14.387
196.215,170.41,25.805,86.921,12.711,83.489,13.094
196.937,171.335,25.602,87.757,12.558,83.578,13.044
197.621,172.21,25.411,88.547,12.415,83.663,12.996
196.734,170.943,25.791,87.172,12.606,83.771,13.185
196.329,170.485,25.844,86.696,12.619,83.789,13.225
194.553,169.07,25.483,85.363,12.311,83.707,13.172
195.993,170.385,25.608,86.659,12.474,83.726,13.134
198.573,172.742,25.831,88.982,12.765,83.76,13.066
197.27,171.57,25.7,87.814,12.61,83.756,13.09
196.41,170.796,25.614,87.042,12.508,83.754,13.106
196.804,171.174,25.63,87.385,12.54,83.789,13.09
196.936,171.299,25.637,87.507,12.552,83.792,13.085
197.65,171.972,25.678,88.234,12.628,83.738,13.05
197.071,171.461,25.61,87.715,12.556,83.746,13.054
195.914,170.441,25.473,86.68,12.412,83.761,13.061
196.331,170.737,25.594,86.959,12.506,83.778,13.088
196.598,170.927,25.671,87.138,12.566,83.789,13.105
198.047,172.328,25.719,88.388,12.607,83.94,13.112
197.787,172.102,25.685,88.213,12.568,83.889,13.117
194.602,169.19,25.412,85.789,12.269,83.401,13.143
195.884,170.361,25.523,86.676,12.413,83.685,13.11
198.104,172.389,25.715,88.213,12.663,84.176,13.052
197.609,171.943,25.666,88.008,12.622,83.935,13.044
197.342,171.702,25.64,87.897,12.6,83.805,13.04
196.448,171.001,25.447,87.195,12.411,83.806,13.036
196.301,170.872,25.429,87.057,12.397,83.815,13.032
196.076,170.605,25.471,86.735,12.462,83.87,13.009
197.246,171.687,25.559,87.817,12.527,83.87,13.032
199.577,173.845,25.732,89.974,12.655,83.871,13.077
196.504,171.103,25.401,87.96,12.497,83.143,12.904
194.604,169.408,25.196,86.715,12.399,82.693,12.797
196.677,170.98,25.697,86.532,12.482,84.448,13.215
197.18,171.392,25.788,86.763,12.528,84.629,13.26
198.124,172.256,25.868,88.027,12.696,84.229,13.172
197.985,172.278,25.707,88.044,12.579,84.234,13.128
197.808,172.307,25.501,88.066,12.429,84.241,13.072
196.468,170.932,25.536,87.187,12.445,83.745,13.091
195.993,170.444,25.549,86.875,12.451,83.569,13.098
198.488,172.688,25.8,88.9,12.818,83.788,12.982
198.055,172.341,25.714,88.425,12.727,83.916,12.987
196.279,170.9,25.379,86.524,12.364,84.376,13.015
196.363,171.009,25.354,87.333,12.454,83.676,12.9
196.458,171.131,25.327,88.238,12.555,82.893,12.772
198.082,172.208,25.874,87.645,12.508,84.563,13.366
198.778,172.67,26.108,87.391,12.488,85.279,13.62
196.554,171.171,25.383,88.13,12.603,83.041,12.78
196.585,171.122,25.463,87.567,12.568,83.555,12.895
196.686,170.965,25.721,85.744,12.454,85.221,13.267
198.809,173.0,25.809,88.287,12.613,84.713,13.196
201.343,175.429,25.914,91.322,12.803,84.107,13.111
197.205,171.499,25.706,87.357,12.595,84.142,13.111
195.564,169.941,25.623,85.785,12.512,84.156,13.111
197.752,172.181,25.571,88.385,12.567,83.796,13.004
197.892,172.297,25.595,88.376,12.558,83.921,13.037
198.008,172.307,25.701,87.8,12.51,84.507,13.191
198.223,172.514,25.709,88.154,12.57,84.36,13.139
198.497,172.778,25.719,88.605,12.646,84.173,13.073
197.222,171.651,25.571,87.51,12.496,84.141,13.075
196.633,171.131,25.502,87.005,12.426,84.126,13.076
197.35,171.676,25.674,87.414,12.556,84.262,13.118
197.425,171.746,25.679,87.483,12.568,84.263,13.111
197.603,171.948,25.655,87.714,12.591,84.234,13.064
197.769,172.102,25.667,87.867,12.565,84.235,13.102
198.038,172.35,25.688,88.112,12.524,84.238,13.164
197.521,171.927,25.594,87.434,12.45,84.493,13.144
197.183,171.651,25.532,86.99,12.401,84.661,13.131
198.029,172.398,25.631,88.318,12.551,84.08,13.08
198.199,172.548,25.651,88.598,12.585,83.95,13.066
197.269,171.724,25.545,87.45,12.494,84.274,13.051
197.232,171.623,25.609,87.347,12.536,84.276,13.073
197.134,171.363,25.771,87.082,12.642,84.281,13.129
198.496,172.782,25.714,88.488,12.574,84.294,13.14
199.816,174.157,25.659,89.85,12.508,84.307,13.151
196.18,170.826,25.354,87.419,12.539,83.407,12.815
195.031,169.773,25.258,86.651,12.549,83.122,12.709
199.355,173.353,26.002,87.833,12.531,85.52,13.471
199.023,173.103,25.92,87.954,12.542,85.149,13.378
198.254,172.521,25.733,88.211,12.567,84.31,13.166
198.231,172.538,25.693,88.002,12.6,84.536,13.093
198.216,172.551,25.665,87.856,12.622,84.695,13.043
197.447,171.834,25.613,87.798,12.513,84.036,13.1
197.419,171.808,25.611,87.814,12.498,83.994,13.113
198.261,172.59,25.671,88.028,12.531,84.562,13.14
197.984,172.334,25.65,87.847,12.552,84.487,13.098
197.46,171.849,25.611,87.503,12.593,84.346,13.018
198.096,172.346,25.75,88.244,12.682,84.102,13.068
198.525,172.681,25.844,88.742,12.742,83.939,13.102
197.87,172.236,25.634,87.666,12.518,84.57,13.116
197.746,172.138,25.608,87.516,12.489,84.622,13.119
197.508,171.86,25.648,87.55,12.52,84.31,13.128
197.288,171.682,25.606,87.12,12.447,84.562,13.159
196.874,171.347,25.527,86.307,12.308,85.04,13.219
196.476,170.911,25.565,92.974,13.442,77.937,12.123
190.604,164.975,25.629,93.364,14.058,71.611,11.571
170.889,145.172,25.717,73.402,12.627,71.77,13.09
170.065,144.416,25.649,73.13,12.636,71.286,13.013
168.889,143.289,25.6,72.553,12.567,70.736,13.033
167.229,141.63,25.599,71.971,12.624,69.659,12.975
167.108,141.477,25.631,71.848,12.654,69.629,12.977
166.761,141.223,25.538,71.737,12.54,69.486,12.998
166.96,141.26,25.7,71.726,12.54,69.534,13.16
166.914,141.349,25.565,71.785,12.524,69.564,13.041
166.778,141.155,25.623,71.718,12.52,69.437,13.103
166.928,141.359,25.569,71.815,12.515,69.544,13.054
167.04,141.332,25.708,71.696,12.567,69.636,13.141
166.868,141.333,25.535,71.919,12.419,69.414,13.116
166.95,141.263,25.687,71.678,12.582,69.585,13.105
166.798,141.221,25.577,71.816,12.588,69.405,12.989
166.753,141.081,25.672,71.592,12.477,69.489,13.195
166.661,140.951,25.71,71.672,12.629,69.279,13.081
166.653,141.11,25.543,71.657,12.47,69.453,13.073
166.779,141.13,25.649,71.804,12.624,69.326,13.025
166.846,141.254,25.592,71.735,12.529,69.519,13.063
166.799,141.186,25.613,71.784,12.593,69.402,13.02
166.974,141.154,25.82,71.666,12.638,69.488,13.182
166.669,141.013,25.656,71.727,12.529,69.286,13.127
166.873,141.212,25.661,71.791,12.558,69.421,13.103
166.669,140.99,25.679,71.699,12.587,69.291,13.092
166.669,140.973,25.696,71.575,12.559,69.398,13.137
166.752,141.108,25.644,71.746,12.549,69.362,13.095
166.829,141.189,25.64,71.736,12.555,69.453,13.085
166.89,141.149,25.741,71.818,12.604,69.331,13.137
166.785,141.171,25.614,71.728,12.527,69.443,13.087
166.706,141.056,25.65,71.728,12.561,69.328,13.089
166.972,141.222,25.75,71.81,12.576,69.412,13.174
166.702,141.076,25.626,71.754,12.576,69.322,13.05
166.836,141.176,25.66,71.742,12.558,69.434,13.102
166.802,141.087,25.715,71.706,12.626,69.381,13.089
166.947,141.233,25.714,71.739,12.599,69.494,13.115
166.706,141.078,25.628,71.591,12.543,69.487,13.085
166.965,141.198,25.767,71.622,12.597,69.576,13.17
166.799,141.061,25.738,71.572,12.564,69.489,13.174
166.901,141.155,25.746,71.643,12.552,69.512,13.194
166.868,141.205,25.663,71.576,12.601,69.629,13.062
166.88,141.133,25.747,71.6,12.606,69.533,13.141
166.844,141.15,25.694,71.542,12.56,69.608,13.134
166.767,141.164,25.603,71.58,12.525,69.584,13.078
166.875,141.157,25.718,71.548,12.578,69.609,13.14
166.885,141.167,25.718,71.592,12.598,69.575,13.12
166.682,141.058,25.624,71.558,12.565,69.5,13.059
166.699,141.036,25.663,71.505,12.557,69.531,13.106
166.817,141.102,25.715,71.526,12.59,69.576,13.125
166.741,141.13,25.611,71.487,12.524,69.643,13.087
166.747,141.086,25.661,71.467,12.56,69.619,13.101
166.834,141.086,25.748,71.442,12.577,69.644,13.171
166.719,141.069,25.65,71.482,12.504,69.587,13.146
166.774,141.111,25.663,71.572,12.566,69.539,13.097
166.898,141.2,25.698,71.51,12.572,69.69,13.126
166.762,141.109,25.653,71.472,12.525,69.637,13.128
166.693,141.014,25.679,71.447,12.565,69.567,13.114
166.744,141.045,25.699,71.419,12.588,69.626,13.111
166.684,141.007,25.677,71.476,12.565,69.531,13.112
166.702,141.018,25.684,71.444,12.565,69.574,13.119
166.991,141.271,25.72,71.535,12.578,69.736,13.142
166.957,141.251,25.706,71.618,12.569,69.633,13.137
167.033,141.296,25.737,71.573,12.545,69.723,13.192
166.922,141.157,25.765,71.49,12.586,69.667,13.179
167.057,141.338,25.719,71.608,12.571,69.73,13.148
166.963,141.271,25.692,71.462,12.54,69.809,13.152
166.579,140.859,25.72,71.319,12.574,69.54,13.146
166.767,141.053,25.714,71.503,12.574,69.55,13.14
166.735,141.147,25.588,71.496,12.514,69.651,13.074
166.882,141.26,25.622,71.548,12.552,69.712,13.07
166.773,141.138,25.635,71.531,12.521,69.607,13.114
166.917,141.232,25.685,71.513,12.611,69.719,13.074
166.489,140.835,25.654,71.34,12.537,69.495,13.117
166.796,141.132,25.664,71.524,12.56,69.608,13.104
166.856,141.228,25.628,71.49,12.532,69.738,13.096
166.895,141.158,25.737,71.446,12.625,69.712,13.112
