,cpu,timestamp,value
0,0,2022-04-05 14:57:24.789999962,0.19999999999527063
1,0,2022-04-05 14:57:29.789999962,1.3605442176903466
2,0,2022-04-05 14:57:34.789999962,3.0387844862073337
3,0,2022-04-05 14:57:39.789999962,2.9611844737822395
4,0,2022-04-05 14:57:44.789999962,3.238704518198901
5,0,2022-04-05 14:57:49.789999962,3.019396120777671
6,0,2022-04-05 14:57:54.789999962,2.980596119216557
7,0,2022-04-05 14:57:59.789999962,3.000000000001819
8,0,2022-04-05 14:58:04.789999962,3.1999999999970896
9,0,2022-04-05 14:58:09.789999962,3.019396120777671
10,0,2022-04-05 14:58:14.789999962,3.1806361272316224
11,0,2022-04-05 14:58:19.789999962,3.1999999999970896
12,0,2022-04-05 14:58:24.789999962,3.000000000001819
13,0,2022-04-05 14:58:29.789999962,3.1999999999970896
14,0,2022-04-05 14:58:34.789999962,3.8000000000010914
15,0,2022-04-05 14:58:39.789999962,3.999999999996362
16,0,2022-04-05 14:58:44.789999962,3.8000000000010914
17,0,2022-04-05 14:58:49.789999962,4.000000000005457
18,0,2022-04-05 14:58:54.789999962,3.7999999999919964
19,0,2022-04-05 14:58:59.789999962,4.000000000005457
20,0,2022-04-05 14:59:04.789999962,3.8000000000010914
21,0,2022-04-05 14:59:09.789999962,3.999999999996362
22,0,2022-04-05 14:59:14.789999962,3.8000000000010914
23,0,2022-04-05 14:59:19.789999962,3.599999999996726
24,0,2022-04-05 14:59:24.789999962,3.2000000000061846
25,0,2022-04-05 14:59:29.789999962,3.019396120777671
26,0,2022-04-05 14:59:34.789999962,3.1806361272225274
27,0,2022-04-05 14:59:39.789999962,3.000000000001819
28,0,2022-04-05 14:59:44.789999962,2.999999999992724
29,0,2022-04-05 14:59:49.789999962,3.000000000001819
30,0,2022-04-05 14:59:54.789999962,3.2000000000061846
31,0,2022-04-05 14:59:59.789999962,3.019396120768576
32,0,2022-04-05 15:00:04.789999962,2.980596119225652
33,0,2022-04-05 15:00:09.789999962,3.1999999999970896
34,1,2022-04-05 14:57:24.789999962,0.20000000000436557
35,1,2022-04-05 14:57:29.789999962,0.36014405762269064
36,1,2022-04-05 14:57:34.789999962,0.03998400639744659
37,1,2022-04-05 14:57:39.789999962,0.36014405762269064
38,1,2022-04-05 14:57:44.789999962,0.23990403837991892
39,1,2022-04-05 14:57:49.789999962,0.2199560088026118
40,1,2022-04-05 14:57:54.789999962,0.18003600719670487
41,1,2022-04-05 14:57:59.789999962,0.20000000000436557
42,1,2022-04-05 14:58:04.789999962,0.19999999999527063
43,1,2022-04-05 14:58:09.789999962,0.41991601679627877
44,1,2022-04-05 14:58:14.789999962,0.18003600720579982
45,1,2022-04-05 14:58:19.789999962,0.20000000000436557
46,1,2022-04-05 14:58:24.789999962,0.19999999999527063
47,1,2022-04-05 14:58:29.789999962,0.20000000000436557
48,1,2022-04-05 14:58:34.789999962,93.59999999999673
49,1,2022-04-05 14:58:39.789999962,100.0
50,1,2022-04-05 14:58:44.789999962,100.0
51,1,2022-04-05 14:58:49.789999962,100.0
52,1,2022-04-05 14:58:54.789999962,100.0
53,1,2022-04-05 14:58:59.789999962,100.0
54,1,2022-04-05 14:59:04.789999962,100.0
55,1,2022-04-05 14:59:09.789999962,100.0
56,1,2022-04-05 14:59:14.789999962,100.0
57,1,2022-04-05 14:59:19.789999962,73.99999999999636
58,1,2022-04-05 14:59:24.789999962,0.20000000000436557
59,1,2022-04-05 14:59:29.789999962,0.21995600879351684
60,1,2022-04-05 14:59:34.789999962,0.18003600720579982
61,1,2022-04-05 14:59:39.789999962,0.19999999999527063
62,1,2022-04-05 14:59:44.789999962,0.20000000000436557
63,1,2022-04-05 14:59:49.789999962,0.19999999999527063
64,1,2022-04-05 14:59:54.789999962,0.20000000000436557
65,1,2022-04-05 14:59:59.789999962,0.21995600879351684
66,1,2022-04-05 15:00:04.789999962,0.18003600720579982
67,1,2022-04-05 15:00:09.789999962,0.20000000000436557
68,10,2022-04-05 14:57:24.789999962,0.19999999999527063
69,10,2022-04-05 14:57:29.789999962,0.1600640256146164
70,10,2022-04-05 14:57:34.789999962,0.23990403837991892
71,10,2022-04-05 14:57:39.789999962,0.1600640256146164
72,10,2022-04-05 14:57:44.789999962,0.23990403837991892
73,10,2022-04-05 14:57:49.789999962,0.2199560088026118
74,10,2022-04-05 14:57:54.789999962,0.18003600719670487
75,10,2022-04-05 14:57:59.789999962,0.3999999999996362
76,10,2022-04-05 14:58:04.789999962,0.20000000000436557
77,10,2022-04-05 14:58:09.789999962,0.21995600879351684
78,10,2022-04-05 14:58:14.789999962,0.18003600720579982
79,10,2022-04-05 14:58:19.789999962,0.19999999999527063
80,10,2022-04-05 14:58:24.789999962,0.20000000000436557
81,10,2022-04-05 14:58:29.789999962,0.19999999999527063
82,10,2022-04-05 14:58:34.789999962,93.60000000000582
83,10,2022-04-05 14:58:39.789999962,100.0
84,10,2022-04-05 14:58:44.789999962,100.0
85,10,2022-04-05 14:58:49.789999962,100.0
86,10,2022-04-05 14:58:54.789999962,100.0
87,10,2022-04-05 14:58:59.789999962,100.0
88,10,2022-04-05 14:59:04.789999962,100.0
89,10,2022-04-05 14:59:09.789999962,100.0
90,10,2022-04-05 14:59:14.789999962,100.0
91,10,2022-04-05 14:59:19.789999962,71.99999999999818
92,10,2022-04-05 14:59:24.789999962,0.20000000000436557
93,10,2022-04-05 14:59:29.789999962,0.21995600879351684
94,10,2022-04-05 14:59:34.789999962,0.18003600720579982
95,10,2022-04-05 14:59:39.789999962,0.3999999999996362
96,10,2022-04-05 14:59:44.789999962,0.3999999999996362
97,10,2022-04-05 14:59:49.789999962,0.19999999999527063
98,10,2022-04-05 14:59:54.789999962,0.20000000000436557
99,10,2022-04-05 14:59:59.789999962,0.21995600879351684
100,10,2022-04-05 15:00:04.789999962,0.18003600720579982
101,10,2022-04-05 15:00:09.789999962,0.19999999999527063
102,11,2022-04-05 14:57:24.789999962,0.20000000000436557
103,11,2022-04-05 14:57:29.789999962,0.16006402560552146
104,11,2022-04-05 14:57:34.789999962,0.23990403838899965
105,11,2022-04-05 14:57:39.789999962,0.36014405762269064
106,11,2022-04-05 14:57:44.789999962,0.23990403837991892
107,11,2022-04-05 14:57:49.789999962,0.2199560088026118
108,11,2022-04-05 14:57:54.789999962,0.18003600719670487
109,11,2022-04-05 14:57:59.789999962,0.3999999999996362
110,11,2022-04-05 14:58:04.789999962,0.20000000000436557
111,11,2022-04-05 14:58:09.789999962,0.21995600879351684
112,11,2022-04-05 14:58:14.789999962,0.18003600720579982
113,11,2022-04-05 14:58:19.789999962,0.19999999999527063
114,11,2022-04-05 14:58:24.789999962,0.20000000000436557
115,11,2022-04-05 14:58:29.789999962,0.3999999999996362
116,11,2022-04-05 14:58:34.789999962,93.40000000000146
117,11,2022-04-05 14:58:39.789999962,100.0
118,11,2022-04-05 14:58:44.789999962,100.0
119,11,2022-04-05 14:58:49.789999962,100.0
120,11,2022-04-05 14:58:54.789999962,100.0
121,11,2022-04-05 14:58:59.789999962,100.0
122,11,2022-04-05 14:59:04.789999962,100.0
123,11,2022-04-05 14:59:09.789999962,100.0
124,11,2022-04-05 14:59:14.789999962,100.0
125,11,2022-04-05 14:59:19.789999962,77.20000000000255
126,11,2022-04-05 14:59:24.789999962,0.19999999999527063
127,11,2022-04-05 14:59:29.789999962,0.41991601679627877
128,11,2022-04-05 14:59:34.789999962,0.18003600720579982
129,11,2022-04-05 14:59:39.789999962,0.19999999999527063
130,11,2022-04-05 14:59:44.789999962,0.20000000000436557
131,11,2022-04-05 14:59:49.789999962,0.3999999999996362
132,11,2022-04-05 14:59:54.789999962,0.19999999999527063
133,11,2022-04-05 14:59:59.789999962,0.41991601679627877
134,11,2022-04-05 15:00:04.789999962,0.18003600720579982
135,11,2022-04-05 15:00:09.789999962,0.19999999999527063
136,12,2022-04-05 14:57:24.789999962,0.19999999999527063
137,12,2022-04-05 14:57:29.789999962,0.1600640256146164
138,12,2022-04-05 14:57:34.789999962,0.23990403837991892
139,12,2022-04-05 14:57:39.789999962,0.1600640256146164
140,12,2022-04-05 14:57:44.789999962,0.4398240703714862
141,12,2022-04-05 14:57:49.789999962,0.41991601679627877
142,12,2022-04-05 14:57:54.789999962,0.18003600719670487
143,12,2022-04-05 14:57:59.789999962,0.20000000000436557
144,12,2022-04-05 14:58:04.789999962,0.19999999999527063
145,12,2022-04-05 14:58:09.789999962,0.2199560088026118
146,12,2022-04-05 14:58:14.789999962,0.18003600719670487
147,12,2022-04-05 14:58:19.789999962,0.40000000000873115
148,12,2022-04-05 14:58:24.789999962,0.19999999999527063
149,12,2022-04-05 14:58:29.789999962,0.0
150,12,2022-04-05 14:58:34.789999962,93.59999999999673
151,12,2022-04-05 14:58:39.789999962,100.0
152,12,2022-04-05 14:58:44.789999962,100.0
153,12,2022-04-05 14:58:49.789999962,100.0
154,12,2022-04-05 14:58:54.789999962,100.0
155,12,2022-04-05 14:58:59.789999962,100.0
156,12,2022-04-05 14:59:04.789999962,100.0
157,12,2022-04-05 14:59:09.789999962,100.0
158,12,2022-04-05 14:59:14.789999962,100.0
159,12,2022-04-05 14:59:19.789999962,71.80000000000291
160,12,2022-04-05 14:59:24.789999962,0.0
161,12,2022-04-05 14:59:29.789999962,0.2199560088026118
162,12,2022-04-05 14:59:34.789999962,0.18003600719670487
163,12,2022-04-05 14:59:39.789999962,0.20000000000436557
164,12,2022-04-05 14:59:44.789999962,0.19999999999527063
165,12,2022-04-05 14:59:49.789999962,0.3999999999996362
166,12,2022-04-05 14:59:54.789999962,0.20000000000436557
167,12,2022-04-05 14:59:59.789999962,0.21995600879351684
168,12,2022-04-05 15:00:04.789999962,0.18003600720579982
169,12,2022-04-05 15:00:09.789999962,0.19999999999527063
170,13,2022-04-05 14:57:24.789999962,0.3999999999996362
171,13,2022-04-05 14:57:29.789999962,0.1600640256146164
172,13,2022-04-05 14:57:34.789999962,0.4398240703714862
173,13,2022-04-05 14:57:39.789999962,0.16006402560552146
174,13,2022-04-05 14:57:44.789999962,0.4398240703714862
175,13,2022-04-05 14:57:49.789999962,0.2199560088026118
176,13,2022-04-05 14:57:54.789999962,0.18003600719670487
177,13,2022-04-05 14:57:59.789999962,0.20000000000436557
178,13,2022-04-05 14:58:04.789999962,0.19999999999527063
179,13,2022-04-05 14:58:09.789999962,0.2199560088026118
180,13,2022-04-05 14:58:14.789999962,0.18003600719670487
181,13,2022-04-05 14:58:19.789999962,0.20000000000436557
182,13,2022-04-05 14:58:24.789999962,0.20000000000436557
183,13,2022-04-05 14:58:29.789999962,0.19999999999527063
184,13,2022-04-05 14:58:34.789999962,93.59999999999673
185,13,2022-04-05 14:58:39.789999962,100.0
186,13,2022-04-05 14:58:44.789999962,100.0
187,13,2022-04-05 14:58:49.789999962,100.0
188,13,2022-04-05 14:58:54.789999962,100.0
189,13,2022-04-05 14:58:59.789999962,100.0
190,13,2022-04-05 14:59:04.789999962,100.0
191,13,2022-04-05 14:59:09.789999962,100.0
192,13,2022-04-05 14:59:14.789999962,100.0
193,13,2022-04-05 14:59:19.789999962,76.00000000000364
194,13,2022-04-05 14:59:24.789999962,0.0
195,13,2022-04-05 14:59:29.789999962,0.6198760247990549
196,13,2022-04-05 14:59:34.789999962,0.18003600719670487
197,13,2022-04-05 14:59:39.789999962,0.0
198,13,2022-04-05 14:59:44.789999962,0.20000000000436557
199,13,2022-04-05 14:59:49.789999962,0.3999999999996362
200,13,2022-04-05 14:59:54.789999962,0.19999999999527063
201,13,2022-04-05 14:59:59.789999962,0.2199560088026118
202,13,2022-04-05 15:00:04.789999962,0.18003600719670487
203,13,2022-04-05 15:00:09.789999962,0.20000000000436557
204,14,2022-04-05 14:57:24.789999962,0.20000000000436557
205,14,2022-04-05 14:57:29.789999962,1.560624249698435
206,14,2022-04-05 14:57:34.789999962,0.23990403838899965
207,14,2022-04-05 14:57:39.789999962,0.16006402560552146
208,14,2022-04-05 14:57:44.789999962,0.23990403838899965
209,14,2022-04-05 14:57:49.789999962,0.21995600879351684
210,14,2022-04-05 14:57:54.789999962,0.18003600720579982
211,14,2022-04-05 14:57:59.789999962,0.3999999999996362
212,14,2022-04-05 14:58:04.789999962,0.19999999999527063
213,14,2022-04-05 14:58:09.789999962,0.2199560088026118
214,14,2022-04-05 14:58:14.789999962,0.3800760152026612
215,14,2022-04-05 14:58:19.789999962,0.0
216,14,2022-04-05 14:58:24.789999962,0.19999999999527063
217,14,2022-04-05 14:58:29.789999962,0.20000000000436557
218,14,2022-04-05 14:58:34.789999962,93.59999999999673
219,14,2022-04-05 14:58:39.789999962,100.0
220,14,2022-04-05 14:58:44.789999962,100.0
221,14,2022-04-05 14:58:49.789999962,100.0
222,14,2022-04-05 14:58:54.789999962,100.0
223,14,2022-04-05 14:58:59.789999962,100.0
224,14,2022-04-05 14:59:04.789999962,100.0
225,14,2022-04-05 14:59:09.789999962,100.0
226,14,2022-04-05 14:59:14.789999962,100.0
227,14,2022-04-05 14:59:19.789999962,73.80000000000109
228,14,2022-04-05 14:59:24.789999962,0.20000000000436557
229,14,2022-04-05 14:59:29.789999962,0.41991601679627877
230,14,2022-04-05 14:59:34.789999962,0.18003600719670487
231,14,2022-04-05 14:59:39.789999962,0.20000000000436557
232,14,2022-04-05 14:59:44.789999962,0.19999999999527063
233,14,2022-04-05 14:59:49.789999962,0.20000000000436557
234,14,2022-04-05 14:59:54.789999962,0.19999999999527063
235,14,2022-04-05 14:59:59.789999962,0.2199560088026118
236,14,2022-04-05 15:00:04.789999962,0.18003600719670487
237,14,2022-04-05 15:00:09.789999962,0.0
238,15,2022-04-05 14:57:24.789999962,0.19999999999527063
239,15,2022-04-05 14:57:29.789999962,0.36014405762269064
240,15,2022-04-05 14:57:34.789999962,0.23990403838899965
241,15,2022-04-05 14:57:39.789999962,0.16006402560552146
242,15,2022-04-05 14:57:44.789999962,0.23990403838899965
243,15,2022-04-05 14:57:49.789999962,0.21995600879351684
244,15,2022-04-05 14:57:54.789999962,0.5801160232086318
245,15,2022-04-05 14:57:59.789999962,0.19999999999527063
246,15,2022-04-05 14:58:04.789999962,0.20000000000436557
247,15,2022-04-05 14:58:09.789999962,0.21995600879351684
248,15,2022-04-05 14:58:14.789999962,0.3800760152026612
249,15,2022-04-05 14:58:19.789999962,0.0
250,15,2022-04-05 14:58:24.789999962,0.20000000000436557
251,15,2022-04-05 14:58:29.789999962,0.19999999999527063
252,15,2022-04-05 14:58:34.789999962,93.60000000000582
253,15,2022-04-05 14:58:39.789999962,100.0
254,15,2022-04-05 14:58:44.789999962,100.0
255,15,2022-04-05 14:58:49.789999962,100.0
256,15,2022-04-05 14:58:54.789999962,100.0
257,15,2022-04-05 14:58:59.789999962,100.0
258,15,2022-04-05 14:59:04.789999962,100.0
259,15,2022-04-05 14:59:09.789999962,100.0
260,15,2022-04-05 14:59:14.789999962,100.0
261,15,2022-04-05 14:59:19.789999962,73.80000000000109
262,15,2022-04-05 14:59:24.789999962,0.19999999999527063
263,15,2022-04-05 14:59:29.789999962,0.2199560088026118
264,15,2022-04-05 14:59:34.789999962,0.3800760152026612
265,15,2022-04-05 14:59:39.789999962,0.3999999999996362
266,15,2022-04-05 14:59:44.789999962,0.0
267,15,2022-04-05 14:59:49.789999962,0.3999999999996362
268,15,2022-04-05 14:59:54.789999962,0.19999999999527063
269,15,2022-04-05 14:59:59.789999962,0.2199560088026118
270,15,2022-04-05 15:00:04.789999962,-0.02000400080015652
271,15,2022-04-05 15:00:09.789999962,0.19999999999527063
272,16,2022-04-05 14:57:24.789999962,0.20000000000436557
273,16,2022-04-05 14:57:29.789999962,0.16006402560552146
274,16,2022-04-05 14:57:34.789999962,0.23990403838899965
275,16,2022-04-05 14:57:39.789999962,0.16006402560552146
276,16,2022-04-05 14:57:44.789999962,0.23990403838899965
277,16,2022-04-05 14:57:49.789999962,0.21995600879351684
278,16,2022-04-05 14:57:54.789999962,0.18003600720579982
279,16,2022-04-05 14:57:59.789999962,0.19999999999527063
280,16,2022-04-05 14:58:04.789999962,0.3999999999996362
281,16,2022-04-05 14:58:09.789999962,0.2199560088026118
282,16,2022-04-05 14:58:14.789999962,0.18003600720579982
283,16,2022-04-05 14:58:19.789999962,0.19999999999527063
284,16,2022-04-05 14:58:24.789999962,0.20000000000436557
285,16,2022-04-05 14:58:29.789999962,0.19999999999527063
286,16,2022-04-05 14:58:34.789999962,93.59999999999673
287,16,2022-04-05 14:58:39.789999962,100.0
288,16,2022-04-05 14:58:44.789999962,100.0
289,16,2022-04-05 14:58:49.789999962,100.0
290,16,2022-04-05 14:58:54.789999962,100.0
291,16,2022-04-05 14:58:59.789999962,100.0
292,16,2022-04-05 14:59:04.789999962,100.0
293,16,2022-04-05 14:59:09.789999962,100.0
294,16,2022-04-05 14:59:14.789999962,100.0
295,16,2022-04-05 14:59:19.789999962,73.20000000000618
296,16,2022-04-05 14:59:24.789999962,0.19999999999527063
297,16,2022-04-05 14:59:29.789999962,0.2199560088026118
298,16,2022-04-05 14:59:34.789999962,0.18003600719670487
299,16,2022-04-05 14:59:39.789999962,0.20000000000436557
300,16,2022-04-05 14:59:44.789999962,0.19999999999527063
301,16,2022-04-05 14:59:49.789999962,0.20000000000436557
302,16,2022-04-05 14:59:54.789999962,0.19999999999527063
303,16,2022-04-05 14:59:59.789999962,0.2199560088026118
304,16,2022-04-05 15:00:04.789999962,0.18003600719670487
305,16,2022-04-05 15:00:09.789999962,0.20000000000436557
306,17,2022-04-05 14:57:24.789999962,0.3999999999996362
307,17,2022-04-05 14:57:29.789999962,0.36014405762269064
308,17,2022-04-05 14:57:34.789999962,0.23990403838899965
309,17,2022-04-05 14:57:39.789999962,0.16006402560552146
310,17,2022-04-05 14:57:44.789999962,0.4398240703714862
311,17,2022-04-05 14:57:49.789999962,0.019996000799849867
312,17,2022-04-05 14:57:54.789999962,0.3800760152026612
313,17,2022-04-05 14:57:59.789999962,0.20000000000436557
314,17,2022-04-05 14:58:04.789999962,0.19999999999527063
315,17,2022-04-05 14:58:09.789999962,0.2199560088026118
316,17,2022-04-05 14:58:14.789999962,0.18003600719670487
317,17,2022-04-05 14:58:19.789999962,0.20000000000436557
318,17,2022-04-05 14:58:24.789999962,0.20000000000436557
319,17,2022-04-05 14:58:29.789999962,0.19999999999527063
320,17,2022-04-05 14:58:34.789999962,93.59999999999673
321,17,2022-04-05 14:58:39.789999962,100.0
322,17,2022-04-05 14:58:44.789999962,100.0
323,17,2022-04-05 14:58:49.789999962,100.0
324,17,2022-04-05 14:58:54.789999962,100.0
325,17,2022-04-05 14:58:59.789999962,100.0
326,17,2022-04-05 14:59:04.789999962,100.0
327,17,2022-04-05 14:59:09.789999962,100.0
328,17,2022-04-05 14:59:14.789999962,100.0
329,17,2022-04-05 14:59:19.789999962,80.39999999999964
330,17,2022-04-05 14:59:24.789999962,0.20000000000436557
331,17,2022-04-05 14:59:29.789999962,0.019996000799849867
332,17,2022-04-05 14:59:34.789999962,0.18003600719670487
333,17,2022-04-05 14:59:39.789999962,0.20000000000436557
334,17,2022-04-05 14:59:44.789999962,0.20000000000436557
335,17,2022-04-05 14:59:49.789999962,0.19999999999527063
336,17,2022-04-05 14:59:54.789999962,0.20000000000436557
337,17,2022-04-05 14:59:59.789999962,0.21995600879351684
338,17,2022-04-05 15:00:04.789999962,0.3800760152026612
339,17,2022-04-05 15:00:09.789999962,0.20000000000436557
340,18,2022-04-05 14:57:24.789999962,0.20000000000436557
341,18,2022-04-05 14:57:29.789999962,0.36014405762269064
342,18,2022-04-05 14:57:34.789999962,0.23990403837991892
343,18,2022-04-05 14:57:39.789999962,0.5602240896398598
344,18,2022-04-05 14:57:44.789999962,0.23990403838899965
345,18,2022-04-05 14:57:49.789999962,0.41991601679627877
346,18,2022-04-05 14:57:54.789999962,0.18003600719670487
347,18,2022-04-05 14:57:59.789999962,0.20000000000436557
348,18,2022-04-05 14:58:04.789999962,0.3999999999996362
349,18,2022-04-05 14:58:09.789999962,0.21995600879351684
350,18,2022-04-05 14:58:14.789999962,0.3800760152026612
351,18,2022-04-05 14:58:19.789999962,0.20000000000436557
352,18,2022-04-05 14:58:24.789999962,0.19999999999527063
353,18,2022-04-05 14:58:29.789999962,0.20000000000436557
354,18,2022-04-05 14:58:34.789999962,93.80000000000109
355,18,2022-04-05 14:58:39.789999962,100.0
356,18,2022-04-05 14:58:44.789999962,100.0
357,18,2022-04-05 14:58:49.789999962,100.0
358,18,2022-04-05 14:58:54.789999962,100.0
359,18,2022-04-05 14:58:59.789999962,100.0
360,18,2022-04-05 14:59:04.789999962,100.0
361,18,2022-04-05 14:59:09.789999962,100.0
362,18,2022-04-05 14:59:14.789999962,100.0
363,18,2022-04-05 14:59:19.789999962,83.19999999999709
364,18,2022-04-05 14:59:24.789999962,0.19999999999527063
365,18,2022-04-05 14:59:29.789999962,0.4199160168053737
366,18,2022-04-05 14:59:34.789999962,0.18003600719670487
367,18,2022-04-05 14:59:39.789999962,0.20000000000436557
368,18,2022-04-05 14:59:44.789999962,0.3999999999996362
369,18,2022-04-05 14:59:49.789999962,0.19999999999527063
370,18,2022-04-05 14:59:54.789999962,0.3999999999996362
371,18,2022-04-05 14:59:59.789999962,0.2199560088026118
372,18,2022-04-05 15:00:04.789999962,0.3800760152026612
373,18,2022-04-05 15:00:09.789999962,0.3999999999996362
374,19,2022-04-05 14:57:24.789999962,0.3999999999996362
375,19,2022-04-05 14:57:29.789999962,0.1600640256146164
376,19,2022-04-05 14:57:34.789999962,0.23990403837991892
377,19,2022-04-05 14:57:39.789999962,0.1600640256146164
378,19,2022-04-05 14:57:44.789999962,0.6397441023539585
379,19,2022-04-05 14:57:49.789999962,0.2199560088026118
380,19,2022-04-05 14:57:54.789999962,0.18003600719670487
381,19,2022-04-05 14:57:59.789999962,0.3999999999996362
382,19,2022-04-05 14:58:04.789999962,0.20000000000436557
383,19,2022-04-05 14:58:09.789999962,0.21995600879351684
384,19,2022-04-05 14:58:14.789999962,0.5801160232086318
385,19,2022-04-05 14:58:19.789999962,0.20000000000436557
386,19,2022-04-05 14:58:24.789999962,0.19999999999527063
387,19,2022-04-05 14:58:29.789999962,0.20000000000436557
388,19,2022-04-05 14:58:34.789999962,94.79999999999563
389,19,2022-04-05 14:58:39.789999962,100.0
390,19,2022-04-05 14:58:44.789999962,100.0
391,19,2022-04-05 14:58:49.789999962,100.0
392,19,2022-04-05 14:58:54.789999962,100.0
393,19,2022-04-05 14:58:59.789999962,100.0
394,19,2022-04-05 14:59:04.789999962,100.0
395,19,2022-04-05 14:59:09.789999962,100.0
396,19,2022-04-05 14:59:14.789999962,100.0
397,19,2022-04-05 14:59:19.789999962,75.0
398,19,2022-04-05 14:59:24.789999962,0.0
399,19,2022-04-05 14:59:29.789999962,0.41991601679627877
400,19,2022-04-05 14:59:34.789999962,0.18003600720579982
401,19,2022-04-05 14:59:39.789999962,0.19999999999527063
402,19,2022-04-05 14:59:44.789999962,0.0
403,19,2022-04-05 14:59:49.789999962,0.20000000000436557
404,19,2022-04-05 14:59:54.789999962,0.3999999999996362
405,19,2022-04-05 14:59:59.789999962,0.21995600879351684
406,19,2022-04-05 15:00:04.789999962,0.18003600720579982
407,19,2022-04-05 15:00:09.789999962,0.0
408,2,2022-04-05 14:57:24.789999962,0.19999999999527063
409,2,2022-04-05 14:57:29.789999962,4.161664665867079
410,2,2022-04-05 14:57:34.789999962,0.23990403838899965
411,2,2022-04-05 14:57:39.789999962,0.16006402560552146
412,2,2022-04-05 14:57:44.789999962,0.6397441023630535
413,2,2022-04-05 14:57:49.789999962,0.2199560088026118
414,2,2022-04-05 14:57:54.789999962,0.18003600719670487
415,2,2022-04-05 14:57:59.789999962,0.20000000000436557
416,2,2022-04-05 14:58:04.789999962,0.19999999999527063
417,2,2022-04-05 14:58:09.789999962,0.2199560088026118
418,2,2022-04-05 14:58:14.789999962,0.18003600719670487
419,2,2022-04-05 14:58:19.789999962,0.0
420,2,2022-04-05 14:58:24.789999962,0.20000000000436557
421,2,2022-04-05 14:58:29.789999962,0.19999999999527063
422,2,2022-04-05 14:58:34.789999962,93.60000000000582
423,2,2022-04-05 14:58:39.789999962,100.0
424,2,2022-04-05 14:58:44.789999962,100.0
425,2,2022-04-05 14:58:49.789999962,100.0
426,2,2022-04-05 14:58:54.789999962,100.0
427,2,2022-04-05 14:58:59.789999962,100.0
428,2,2022-04-05 14:59:04.789999962,100.0
429,2,2022-04-05 14:59:09.789999962,100.0
430,2,2022-04-05 14:59:14.789999962,100.0
431,2,2022-04-05 14:59:19.789999962,74.59999999999127
432,2,2022-04-05 14:59:24.789999962,0.0
433,2,2022-04-05 14:59:29.789999962,0.2199560088026118
434,2,2022-04-05 14:59:34.789999962,0.18003600720579982
435,2,2022-04-05 14:59:39.789999962,0.19999999999527063
436,2,2022-04-05 14:59:44.789999962,0.20000000000436557
437,2,2022-04-05 14:59:49.789999962,0.19999999999527063
438,2,2022-04-05 14:59:54.789999962,0.20000000000436557
439,2,2022-04-05 14:59:59.789999962,0.21995600879351684
440,2,2022-04-05 15:00:04.789999962,0.18003600720579982
441,2,2022-04-05 15:00:09.789999962,0.19999999999527063
442,20,2022-04-05 14:57:24.789999962,0.20000000000436557
443,20,2022-04-05 14:57:29.789999962,10.364145658262942
444,20,2022-04-05 14:57:34.789999962,0.4398240703714862
445,20,2022-04-05 14:57:39.789999962,0.36014405762269064
446,20,2022-04-05 14:57:44.789999962,0.23990403837991892
447,20,2022-04-05 14:57:49.789999962,0.41991601679627877
448,20,2022-04-05 14:57:54.789999962,0.3800760152026612
449,20,2022-04-05 14:57:59.789999962,0.40000000000873115
450,20,2022-04-05 14:58:04.789999962,0.5999999999949068
451,20,2022-04-05 14:58:09.789999962,0.41991601679627877
452,20,2022-04-05 14:58:14.789999962,0.3800760152026612
453,20,2022-04-05 14:58:19.789999962,0.20000000000436557
454,20,2022-04-05 14:58:24.789999962,0.3999999999996362
455,20,2022-04-05 14:58:29.789999962,0.3999999999996362
456,20,2022-04-05 14:58:34.789999962,93.59999999999673
457,20,2022-04-05 14:58:39.789999962,100.0
458,20,2022-04-05 14:58:44.789999962,100.0
459,20,2022-04-05 14:58:49.789999962,100.0
460,20,2022-04-05 14:58:54.789999962,100.0
461,20,2022-04-05 14:58:59.789999962,100.0
462,20,2022-04-05 14:59:04.789999962,100.0
463,20,2022-04-05 14:59:09.789999962,100.0
464,20,2022-04-05 14:59:14.789999962,100.0
465,20,2022-04-05 14:59:19.789999962,77.39999999999782
466,20,2022-04-05 14:59:24.789999962,0.3999999999996362
467,20,2022-04-05 14:59:29.789999962,0.41991601679627877
468,20,2022-04-05 14:59:34.789999962,0.3800760152026612
469,20,2022-04-05 14:59:39.789999962,0.40000000000873115
470,20,2022-04-05 14:59:44.789999962,0.3999999999996362
471,20,2022-04-05 14:59:49.789999962,0.3999999999996362
472,20,2022-04-05 14:59:54.789999962,0.3999999999996362
473,20,2022-04-05 14:59:59.789999962,0.41991601679627877
474,20,2022-04-05 15:00:04.789999962,0.3800760152026612
475,20,2022-04-05 15:00:09.789999962,0.3999999999996362
476,21,2022-04-05 14:57:24.789999962,0.19999999999527063
477,21,2022-04-05 14:57:29.789999962,0.1600640256146164
478,21,2022-04-05 14:57:34.789999962,0.23990403837991892
479,21,2022-04-05 14:57:39.789999962,0.36014405762269064
480,21,2022-04-05 14:57:44.789999962,0.23990403838899965
481,21,2022-04-05 14:57:49.789999962,0.019996000799849867
482,21,2022-04-05 14:57:54.789999962,0.3800760152026612
483,21,2022-04-05 14:57:59.789999962,0.19999999999527063
484,21,2022-04-05 14:58:04.789999962,0.20000000000436557
485,21,2022-04-05 14:58:09.789999962,0.21995600879351684
486,21,2022-04-05 14:58:14.789999962,0.3800760152026612
487,21,2022-04-05 14:58:19.789999962,0.20000000000436557
488,21,2022-04-05 14:58:24.789999962,0.20000000000436557
489,21,2022-04-05 14:58:29.789999962,0.19999999999527063
490,21,2022-04-05 14:58:34.789999962,93.59999999999673
491,21,2022-04-05 14:58:39.789999962,100.0
492,21,2022-04-05 14:58:44.789999962,100.0
493,21,2022-04-05 14:58:49.789999962,100.0
494,21,2022-04-05 14:58:54.789999962,100.0
495,21,2022-04-05 14:58:59.789999962,100.0
496,21,2022-04-05 14:59:04.789999962,100.0
497,21,2022-04-05 14:59:09.789999962,100.0
498,21,2022-04-05 14:59:14.789999962,100.0
499,21,2022-04-05 14:59:19.789999962,72.80000000000655
500,21,2022-04-05 14:59:24.789999962,0.19999999999527063
501,21,2022-04-05 14:59:29.789999962,0.41991601679627877
502,21,2022-04-05 14:59:34.789999962,0.18003600720579982
503,21,2022-04-05 14:59:39.789999962,0.19999999999527063
504,21,2022-04-05 14:59:44.789999962,0.20000000000436557
505,21,2022-04-05 14:59:49.789999962,0.19999999999527063
506,21,2022-04-05 14:59:54.789999962,0.20000000000436557
507,21,2022-04-05 14:59:59.789999962,0.41991601679627877
508,21,2022-04-05 15:00:04.789999962,0.18003600719670487
509,21,2022-04-05 15:00:09.789999962,0.20000000000436557
510,22,2022-04-05 14:57:24.789999962,0.19999999999527063
511,22,2022-04-05 14:57:29.789999962,0.36014405762269064
512,22,2022-04-05 14:57:34.789999962,0.4398240703714862
513,22,2022-04-05 14:57:39.789999962,0.1600640256146164
514,22,2022-04-05 14:57:44.789999962,0.23990403837991892
515,22,2022-04-05 14:57:49.789999962,0.2199560088026118
516,22,2022-04-05 14:57:54.789999962,0.18003600720579982
517,22,2022-04-05 14:57:59.789999962,0.3999999999996362
518,22,2022-04-05 14:58:04.789999962,0.19999999999527063
519,22,2022-04-05 14:58:09.789999962,0.2199560088026118
520,22,2022-04-05 14:58:14.789999962,0.18003600719670487
521,22,2022-04-05 14:58:19.789999962,0.20000000000436557
522,22,2022-04-05 14:58:24.789999962,0.19999999999527063
523,22,2022-04-05 14:58:29.789999962,0.20000000000436557
524,22,2022-04-05 14:58:34.789999962,93.59999999999673
525,22,2022-04-05 14:58:39.789999962,100.0
526,22,2022-04-05 14:58:44.789999962,100.0
527,22,2022-04-05 14:58:49.789999962,100.0
528,22,2022-04-05 14:58:54.789999962,100.0
529,22,2022-04-05 14:58:59.789999962,100.0
530,22,2022-04-05 14:59:04.789999962,100.0
531,22,2022-04-05 14:59:09.789999962,100.0
532,22,2022-04-05 14:59:14.789999962,100.0
533,22,2022-04-05 14:59:19.789999962,73.99999999999636
534,22,2022-04-05 14:59:24.789999962,0.0
535,22,2022-04-05 14:59:29.789999962,0.41991601679627877
536,22,2022-04-05 14:59:34.789999962,0.18003600720579982
537,22,2022-04-05 14:59:39.789999962,0.20000000000436557
538,22,2022-04-05 14:59:44.789999962,0.19999999999527063
539,22,2022-04-05 14:59:49.789999962,0.20000000000436557
540,22,2022-04-05 14:59:54.789999962,0.19999999999527063
541,22,2022-04-05 14:59:59.789999962,0.2199560088026118
542,22,2022-04-05 15:00:04.789999962,0.18003600719670487
543,22,2022-04-05 15:00:09.789999962,0.20000000000436557
544,23,2022-04-05 14:57:24.789999962,0.20000000000436557
545,23,2022-04-05 14:57:29.789999962,0.36014405762269064
546,23,2022-04-05 14:57:34.789999962,0.23990403837991892
547,23,2022-04-05 14:57:39.789999962,0.1600640256146164
548,23,2022-04-05 14:57:44.789999962,0.23990403837991892
549,23,2022-04-05 14:57:49.789999962,0.2199560088026118
550,23,2022-04-05 14:57:54.789999962,0.18003600719670487
551,23,2022-04-05 14:57:59.789999962,0.20000000000436557
552,23,2022-04-05 14:58:04.789999962,0.19999999999527063
553,23,2022-04-05 14:58:09.789999962,0.2199560088026118
554,23,2022-04-05 14:58:14.789999962,0.18003600719670487
555,23,2022-04-05 14:58:19.789999962,0.20000000000436557
556,23,2022-04-05 14:58:24.789999962,0.19999999999527063
557,23,2022-04-05 14:58:29.789999962,0.20000000000436557
558,23,2022-04-05 14:58:34.789999962,93.59999999999673
559,23,2022-04-05 14:58:39.789999962,100.0
560,23,2022-04-05 14:58:44.789999962,100.0
561,23,2022-04-05 14:58:49.789999962,100.0
562,23,2022-04-05 14:58:54.789999962,100.0
563,23,2022-04-05 14:58:59.789999962,100.0
564,23,2022-04-05 14:59:04.789999962,100.0
565,23,2022-04-05 14:59:09.789999962,100.0
566,23,2022-04-05 14:59:14.789999962,100.0
567,23,2022-04-05 14:59:19.789999962,71.80000000000291
568,23,2022-04-05 14:59:24.789999962,0.3999999999996362
569,23,2022-04-05 14:59:29.789999962,0.2199560088026118
570,23,2022-04-05 14:59:34.789999962,0.18003600719670487
571,23,2022-04-05 14:59:39.789999962,0.3999999999996362
572,23,2022-04-05 14:59:44.789999962,0.20000000000436557
573,23,2022-04-05 14:59:49.789999962,0.3999999999996362
574,23,2022-04-05 14:59:54.789999962,0.19999999999527063
575,23,2022-04-05 14:59:59.789999962,0.2199560088026118
576,23,2022-04-05 15:00:04.789999962,0.18003600719670487
577,23,2022-04-05 15:00:09.789999962,0.20000000000436557
578,24,2022-04-05 14:57:24.789999962,0.20000000000436557
579,24,2022-04-05 14:57:29.789999962,0.36014405762269064
580,24,2022-04-05 14:57:34.789999962,0.23990403837991892
581,24,2022-04-05 14:57:39.789999962,0.36014405762269064
582,24,2022-04-05 14:57:44.789999962,0.23990403838899965
583,24,2022-04-05 14:57:49.789999962,0.2199560088026118
584,24,2022-04-05 14:57:54.789999962,0.18003600719670487
585,24,2022-04-05 14:57:59.789999962,0.20000000000436557
586,24,2022-04-05 14:58:04.789999962,0.19999999999527063
587,24,2022-04-05 14:58:09.789999962,0.2199560088026118
588,24,2022-04-05 14:58:14.789999962,0.3800760152026612
589,24,2022-04-05 14:58:19.789999962,0.0
590,24,2022-04-05 14:58:24.789999962,0.19999999999527063
591,24,2022-04-05 14:58:29.789999962,0.3999999999996362
592,24,2022-04-05 14:58:34.789999962,94.00000000000546
593,24,2022-04-05 14:58:39.789999962,100.0
594,24,2022-04-05 14:58:44.789999962,100.0
595,24,2022-04-05 14:58:49.789999962,100.0
596,24,2022-04-05 14:58:54.789999962,100.0
597,24,2022-04-05 14:58:59.789999962,100.0
598,24,2022-04-05 14:59:04.789999962,100.0
599,24,2022-04-05 14:59:09.789999962,100.0
600,24,2022-04-05 14:59:14.789999962,100.0
601,24,2022-04-05 14:59:19.789999962,71.19999999999891
602,24,2022-04-05 14:59:24.789999962,0.19999999999527063
603,24,2022-04-05 14:59:29.789999962,0.2199560088026118
604,24,2022-04-05 14:59:34.789999962,0.18003600719670487
605,24,2022-04-05 14:59:39.789999962,0.20000000000436557
606,24,2022-04-05 14:59:44.789999962,0.19999999999527063
607,24,2022-04-05 14:59:49.789999962,0.3999999999996362
608,24,2022-04-05 14:59:54.789999962,0.20000000000436557
609,24,2022-04-05 14:59:59.789999962,0.21995600879351684
610,24,2022-04-05 15:00:04.789999962,0.18003600720579982
611,24,2022-04-05 15:00:09.789999962,0.19999999999527063
612,25,2022-04-05 14:57:24.789999962,0.20000000000436557
613,25,2022-04-05 14:57:29.789999962,0.5602240896307649
614,25,2022-04-05 14:57:34.789999962,0.4398240703714862
615,25,2022-04-05 14:57:39.789999962,0.1600640256146164
616,25,2022-04-05 14:57:44.789999962,0.4398240703714862
617,25,2022-04-05 14:57:49.789999962,0.2199560088026118
618,25,2022-04-05 14:57:54.789999962,0.18003600719670487
619,25,2022-04-05 14:57:59.789999962,0.3999999999996362
620,25,2022-04-05 14:58:04.789999962,0.3999999999996362
621,25,2022-04-05 14:58:09.789999962,0.2199560088026118
622,25,2022-04-05 14:58:14.789999962,0.3800760152026612
623,25,2022-04-05 14:58:19.789999962,0.19999999999527063
624,25,2022-04-05 14:58:24.789999962,0.3999999999996362
625,25,2022-04-05 14:58:29.789999962,0.20000000000436557
626,25,2022-04-05 14:58:34.789999962,93.80000000000109
627,25,2022-04-05 14:58:39.789999962,100.0
628,25,2022-04-05 14:58:44.789999962,100.0
629,25,2022-04-05 14:58:49.789999962,100.0
630,25,2022-04-05 14:58:54.789999962,100.0
631,25,2022-04-05 14:58:59.789999962,100.0
632,25,2022-04-05 14:59:04.789999962,100.0
633,25,2022-04-05 14:59:09.789999962,100.0
634,25,2022-04-05 14:59:14.789999962,100.0
635,25,2022-04-05 14:59:19.789999962,75.5999999999949
636,25,2022-04-05 14:59:24.789999962,0.20000000000436557
637,25,2022-04-05 14:59:29.789999962,0.41991601679627877
638,25,2022-04-05 14:59:34.789999962,0.18003600719670487
639,25,2022-04-05 14:59:39.789999962,0.0
640,25,2022-04-05 14:59:44.789999962,0.20000000000436557
641,25,2022-04-05 14:59:49.789999962,0.3999999999996362
642,25,2022-04-05 14:59:54.789999962,0.19999999999527063
643,25,2022-04-05 14:59:59.789999962,0.2199560088026118
644,25,2022-04-05 15:00:04.789999962,0.18003600719670487
645,25,2022-04-05 15:00:09.789999962,0.20000000000436557
646,26,2022-04-05 14:57:24.789999962,0.19999999999527063
647,26,2022-04-05 14:57:29.789999962,0.36014405762269064
648,26,2022-04-05 14:57:34.789999962,0.4398240703714862
649,26,2022-04-05 14:57:39.789999962,0.1600640256146164
650,26,2022-04-05 14:57:44.789999962,0.4398240703714862
651,26,2022-04-05 14:57:49.789999962,0.2199560088026118
652,26,2022-04-05 14:57:54.789999962,0.18003600719670487
653,26,2022-04-05 14:57:59.789999962,0.20000000000436557
654,26,2022-04-05 14:58:04.789999962,0.19999999999527063
655,26,2022-04-05 14:58:09.789999962,0.2199560088026118
656,26,2022-04-05 14:58:14.789999962,0.18003600719670487
657,26,2022-04-05 14:58:19.789999962,0.20000000000436557
658,26,2022-04-05 14:58:24.789999962,0.19999999999527063
659,26,2022-04-05 14:58:29.789999962,0.20000000000436557
660,26,2022-04-05 14:58:34.789999962,93.59999999999673
661,26,2022-04-05 14:58:39.789999962,100.0
662,26,2022-04-05 14:58:44.789999962,100.0
663,26,2022-04-05 14:58:49.789999962,100.0
664,26,2022-04-05 14:58:54.789999962,100.0
665,26,2022-04-05 14:58:59.789999962,100.0
666,26,2022-04-05 14:59:04.789999962,100.0
667,26,2022-04-05 14:59:09.789999962,100.0
668,26,2022-04-05 14:59:14.789999962,100.0
669,26,2022-04-05 14:59:19.789999962,73.99999999999636
670,26,2022-04-05 14:59:24.789999962,0.20000000000436557
671,26,2022-04-05 14:59:29.789999962,0.41991601679627877
672,26,2022-04-05 14:59:34.789999962,0.18003600720579982
673,26,2022-04-05 14:59:39.789999962,0.19999999999527063
674,26,2022-04-05 14:59:44.789999962,0.20000000000436557
675,26,2022-04-05 14:59:49.789999962,0.19999999999527063
676,26,2022-04-05 14:59:54.789999962,0.3999999999996362
677,26,2022-04-05 14:59:59.789999962,0.2199560088026118
678,26,2022-04-05 15:00:04.789999962,0.18003600719670487
679,26,2022-04-05 15:00:09.789999962,0.20000000000436557
680,27,2022-04-05 14:57:24.789999962,0.19999999999527063
681,27,2022-04-05 14:57:29.789999962,0.36014405762269064
682,27,2022-04-05 14:57:34.789999962,0.23990403838899965
683,27,2022-04-05 14:57:39.789999962,0.16006402560552146
684,27,2022-04-05 14:57:44.789999962,0.4398240703714862
685,27,2022-04-05 14:57:49.789999962,0.2199560088026118
686,27,2022-04-05 14:57:54.789999962,0.18003600719670487
687,27,2022-04-05 14:57:59.789999962,0.20000000000436557
688,27,2022-04-05 14:58:04.789999962,0.20000000000436557
689,27,2022-04-05 14:58:09.789999962,0.21995600879351684
690,27,2022-04-05 14:58:14.789999962,0.3800760152026612
691,27,2022-04-05 14:58:19.789999962,0.0
692,27,2022-04-05 14:58:24.789999962,0.20000000000436557
693,27,2022-04-05 14:58:29.789999962,0.19999999999527063
694,27,2022-04-05 14:58:34.789999962,94.00000000000546
695,27,2022-04-05 14:58:39.789999962,100.0
696,27,2022-04-05 14:58:44.789999962,100.0
697,27,2022-04-05 14:58:49.789999962,100.0
698,27,2022-04-05 14:58:54.789999962,100.0
699,27,2022-04-05 14:58:59.789999962,100.0
700,27,2022-04-05 14:59:04.789999962,100.0
701,27,2022-04-05 14:59:09.789999962,100.0
702,27,2022-04-05 14:59:14.789999962,100.0
703,27,2022-04-05 14:59:19.789999962,74.19999999999163
704,27,2022-04-05 14:59:24.789999962,0.20000000000436557
705,27,2022-04-05 14:59:29.789999962,0.21995600879351684
706,27,2022-04-05 14:59:34.789999962,0.38007601521177037
707,27,2022-04-05 14:59:39.789999962,0.19999999999527063
708,27,2022-04-05 14:59:44.789999962,0.20000000000436557
709,27,2022-04-05 14:59:49.789999962,0.19999999999527063
710,27,2022-04-05 14:59:54.789999962,0.3999999999996362
711,27,2022-04-05 14:59:59.789999962,0.019996000799849867
712,27,2022-04-05 15:00:04.789999962,0.18003600720579982
713,27,2022-04-05 15:00:09.789999962,0.3999999999996362
714,28,2022-04-05 14:57:24.789999962,0.20000000000436557
715,28,2022-04-05 14:57:29.789999962,0.5602240896398598
716,28,2022-04-05 14:57:34.789999962,0.23990403837991892
717,28,2022-04-05 14:57:39.789999962,0.36014405762269064
718,28,2022-04-05 14:57:44.789999962,0.4398240703714862
719,28,2022-04-05 14:57:49.789999962,0.2199560088026118
720,28,2022-04-05 14:57:54.789999962,0.18003600719670487
721,28,2022-04-05 14:57:59.789999962,0.3999999999996362
722,28,2022-04-05 14:58:04.789999962,0.20000000000436557
723,28,2022-04-05 14:58:09.789999962,0.21995600879351684
724,28,2022-04-05 14:58:14.789999962,0.3800760152026612
725,28,2022-04-05 14:58:19.789999962,0.20000000000436557
726,28,2022-04-05 14:58:24.789999962,0.3999999999996362
727,28,2022-04-05 14:58:29.789999962,0.19999999999527063
728,28,2022-04-05 14:58:34.789999962,93.60000000000582
729,28,2022-04-05 14:58:39.789999962,100.0
730,28,2022-04-05 14:58:44.789999962,100.0
731,28,2022-04-05 14:58:49.789999962,100.0
732,28,2022-04-05 14:58:54.789999962,100.0
733,28,2022-04-05 14:58:59.789999962,100.0
734,28,2022-04-05 14:59:04.789999962,100.0
735,28,2022-04-05 14:59:09.789999962,100.0
736,28,2022-04-05 14:59:14.789999962,100.0
737,28,2022-04-05 14:59:19.789999962,74.20000000000073
738,28,2022-04-05 14:59:24.789999962,0.3999999999996362
739,28,2022-04-05 14:59:29.789999962,0.21995600879351684
740,28,2022-04-05 14:59:34.789999962,0.18003600720579982
741,28,2022-04-05 14:59:39.789999962,0.19999999999527063
742,28,2022-04-05 14:59:44.789999962,0.3999999999996362
743,28,2022-04-05 14:59:49.789999962,0.3999999999996362
744,28,2022-04-05 14:59:54.789999962,0.3999999999996362
745,28,2022-04-05 14:59:59.789999962,0.2199560088026118
746,28,2022-04-05 15:00:04.789999962,0.18003600719670487
747,28,2022-04-05 15:00:09.789999962,0.20000000000436557
748,29,2022-04-05 14:57:24.789999962,0.0
749,29,2022-04-05 14:57:29.789999962,0.5602240896398598
750,29,2022-04-05 14:57:34.789999962,0.23990403837991892
751,29,2022-04-05 14:57:39.789999962,0.1600640256146164
752,29,2022-04-05 14:57:44.789999962,0.4398240703714862
753,29,2022-04-05 14:57:49.789999962,0.2199560088026118
754,29,2022-04-05 14:57:54.789999962,0.18003600719670487
755,29,2022-04-05 14:57:59.789999962,0.20000000000436557
756,29,2022-04-05 14:58:04.789999962,0.19999999999527063
757,29,2022-04-05 14:58:09.789999962,0.2199560088026118
758,29,2022-04-05 14:58:14.789999962,0.18003600719670487
759,29,2022-04-05 14:58:19.789999962,0.6000000000040018
760,29,2022-04-05 14:58:24.789999962,0.3999999999996362
761,29,2022-04-05 14:58:29.789999962,0.19999999999527063
762,29,2022-04-05 14:58:34.789999962,93.80000000000109
763,29,2022-04-05 14:58:39.789999962,100.0
764,29,2022-04-05 14:58:44.789999962,100.0
765,29,2022-04-05 14:58:49.789999962,100.0
766,29,2022-04-05 14:58:54.789999962,100.0
767,29,2022-04-05 14:58:59.789999962,100.0
768,29,2022-04-05 14:59:04.789999962,100.0
769,29,2022-04-05 14:59:09.789999962,100.0
770,29,2022-04-05 14:59:14.789999962,100.0
771,29,2022-04-05 14:59:19.789999962,73.80000000000109
772,29,2022-04-05 14:59:24.789999962,0.20000000000436557
773,29,2022-04-05 14:59:29.789999962,0.21995600879351684
774,29,2022-04-05 14:59:34.789999962,0.3800760152026612
775,29,2022-04-05 14:59:39.789999962,0.0
776,29,2022-04-05 14:59:44.789999962,0.20000000000436557
777,29,2022-04-05 14:59:49.789999962,0.19999999999527063
778,29,2022-04-05 14:59:54.789999962,0.20000000000436557
779,29,2022-04-05 14:59:59.789999962,0.21995600879351684
780,29,2022-04-05 15:00:04.789999962,0.3800760152026612
781,29,2022-04-05 15:00:09.789999962,0.0
782,3,2022-04-05 14:57:24.789999962,0.20000000000436557
783,3,2022-04-05 14:57:29.789999962,0.5602240896307649
784,3,2022-04-05 14:57:34.789999962,0.23990403838899965
785,3,2022-04-05 14:57:39.789999962,0.16006402560552146
786,3,2022-04-05 14:57:44.789999962,0.4398240703714862
787,3,2022-04-05 14:57:49.789999962,0.4199160168053737
788,3,2022-04-05 14:57:54.789999962,0.18003600719670487
789,3,2022-04-05 14:57:59.789999962,0.20000000000436557
790,3,2022-04-05 14:58:04.789999962,0.3999999999996362
791,3,2022-04-05 14:58:09.789999962,0.21995600879351684
792,3,2022-04-05 14:58:14.789999962,0.18003600720579982
793,3,2022-04-05 14:58:19.789999962,0.19999999999527063
794,3,2022-04-05 14:58:24.789999962,0.20000000000436557
795,3,2022-04-05 14:58:29.789999962,0.3999999999996362
796,3,2022-04-05 14:58:34.789999962,93.40000000000146
797,3,2022-04-05 14:58:39.789999962,100.0
798,3,2022-04-05 14:58:44.789999962,100.0
799,3,2022-04-05 14:58:49.789999962,100.0
800,3,2022-04-05 14:58:54.789999962,100.0
801,3,2022-04-05 14:58:59.789999962,100.0
802,3,2022-04-05 14:59:04.789999962,100.0
803,3,2022-04-05 14:59:09.789999962,100.0
804,3,2022-04-05 14:59:14.789999962,100.0
805,3,2022-04-05 14:59:19.789999962,71.79999999999382
806,3,2022-04-05 14:59:24.789999962,0.20000000000436557
807,3,2022-04-05 14:59:29.789999962,0.41991601679627877
808,3,2022-04-05 14:59:34.789999962,0.18003600719670487
809,3,2022-04-05 14:59:39.789999962,0.0
810,3,2022-04-05 14:59:44.789999962,0.20000000000436557
811,3,2022-04-05 14:59:49.789999962,0.19999999999527063
812,3,2022-04-05 14:59:54.789999962,0.20000000000436557
813,3,2022-04-05 14:59:59.789999962,0.21995600879351684
814,3,2022-04-05 15:00:04.789999962,0.18003600720579982
815,3,2022-04-05 15:00:09.789999962,0.19999999999527063
816,30,2022-04-05 14:57:24.789999962,0.20000000000436557
817,30,2022-04-05 14:57:29.789999962,0.5602240896307649
818,30,2022-04-05 14:57:34.789999962,0.23990403838899965
819,30,2022-04-05 14:57:39.789999962,0.36014405762269064
820,30,2022-04-05 14:57:44.789999962,0.23990403837991892
821,30,2022-04-05 14:57:49.789999962,0.2199560088026118
822,30,2022-04-05 14:57:54.789999962,0.18003600719670487
823,30,2022-04-05 14:57:59.789999962,0.20000000000436557
824,30,2022-04-05 14:58:04.789999962,0.19999999999527063
825,30,2022-04-05 14:58:09.789999962,0.2199560088026118
826,30,2022-04-05 14:58:14.789999962,0.3800760152026612
827,30,2022-04-05 14:58:19.789999962,0.0
828,30,2022-04-05 14:58:24.789999962,0.3999999999996362
829,30,2022-04-05 14:58:29.789999962,0.19999999999527063
830,30,2022-04-05 14:58:34.789999962,93.80000000000109
831,30,2022-04-05 14:58:39.789999962,100.0
832,30,2022-04-05 14:58:44.789999962,100.0
833,30,2022-04-05 14:58:49.789999962,100.0
834,30,2022-04-05 14:58:54.789999962,100.0
835,30,2022-04-05 14:58:59.789999962,100.0
836,30,2022-04-05 14:59:04.789999962,100.0
837,30,2022-04-05 14:59:09.789999962,100.0
838,30,2022-04-05 14:59:14.789999962,100.0
839,30,2022-04-05 14:59:19.789999962,73.80000000000109
840,30,2022-04-05 14:59:24.789999962,0.20000000000436557
841,30,2022-04-05 14:59:29.789999962,0.21995600879351684
842,30,2022-04-05 14:59:34.789999962,0.18003600720579982
843,30,2022-04-05 14:59:39.789999962,0.19999999999527063
844,30,2022-04-05 14:59:44.789999962,0.20000000000436557
845,30,2022-04-05 14:59:49.789999962,0.19999999999527063
846,30,2022-04-05 14:59:54.789999962,0.20000000000436557
847,30,2022-04-05 14:59:59.789999962,0.21995600879351684
848,30,2022-04-05 15:00:04.789999962,0.3800760152026612
849,30,2022-04-05 15:00:09.789999962,0.20000000000436557
850,31,2022-04-05 14:57:24.789999962,0.20000000000436557
851,31,2022-04-05 14:57:29.789999962,0.36014405762269064
852,31,2022-04-05 14:57:34.789999962,0.4398240703714862
853,31,2022-04-05 14:57:39.789999962,0.1600640256146164
854,31,2022-04-05 14:57:44.789999962,0.23990403837991892
855,31,2022-04-05 14:57:49.789999962,0.2199560088026118
856,31,2022-04-05 14:57:54.789999962,0.18003600719670487
857,31,2022-04-05 14:57:59.789999962,0.20000000000436557
858,31,2022-04-05 14:58:04.789999962,0.19999999999527063
859,31,2022-04-05 14:58:09.789999962,0.41991601679627877
860,31,2022-04-05 14:58:14.789999962,0.3800760152026612
861,31,2022-04-05 14:58:19.789999962,0.20000000000436557
862,31,2022-04-05 14:58:24.789999962,0.19999999999527063
863,31,2022-04-05 14:58:29.789999962,0.0
864,31,2022-04-05 14:58:34.789999962,93.80000000000109
865,31,2022-04-05 14:58:39.789999962,100.0
866,31,2022-04-05 14:58:44.789999962,100.0
867,31,2022-04-05 14:58:49.789999962,100.0
868,31,2022-04-05 14:58:54.789999962,100.0
869,31,2022-04-05 14:58:59.789999962,100.0
870,31,2022-04-05 14:59:04.789999962,100.0
871,31,2022-04-05 14:59:09.789999962,100.0
872,31,2022-04-05 14:59:14.789999962,100.0
873,31,2022-04-05 14:59:19.789999962,71.99999999999818
874,31,2022-04-05 14:59:24.789999962,0.20000000000436557
875,31,2022-04-05 14:59:29.789999962,0.21995600879351684
876,31,2022-04-05 14:59:34.789999962,0.18003600720579982
877,31,2022-04-05 14:59:39.789999962,0.19999999999527063
878,31,2022-04-05 14:59:44.789999962,0.20000000000436557
879,31,2022-04-05 14:59:49.789999962,0.19999999999527063
880,31,2022-04-05 14:59:54.789999962,0.3999999999996362
881,31,2022-04-05 14:59:59.789999962,0.2199560088026118
882,31,2022-04-05 15:00:04.789999962,0.18003600720579982
883,31,2022-04-05 15:00:09.789999962,0.19999999999527063
884,32,2022-04-05 14:57:24.789999962,0.19999999999527063
885,32,2022-04-05 14:57:29.789999962,0.36014405762269064
886,32,2022-04-05 14:57:34.789999962,0.4398240703714862
887,32,2022-04-05 14:57:39.789999962,0.1600640256146164
888,32,2022-04-05 14:57:44.789999962,0.23990403837991892
889,32,2022-04-05 14:57:49.789999962,0.2199560088026118
890,32,2022-04-05 14:57:54.789999962,0.3800760152026612
891,32,2022-04-05 14:57:59.789999962,0.20000000000436557
892,32,2022-04-05 14:58:04.789999962,0.19999999999527063
893,32,2022-04-05 14:58:09.789999962,0.41991601679627877
894,32,2022-04-05 14:58:14.789999962,0.3800760152026612
895,32,2022-04-05 14:58:19.789999962,0.20000000000436557
896,32,2022-04-05 14:58:24.789999962,0.19999999999527063
897,32,2022-04-05 14:58:29.789999962,0.20000000000436557
898,32,2022-04-05 14:58:34.789999962,93.59999999999673
899,32,2022-04-05 14:58:39.789999962,100.0
900,32,2022-04-05 14:58:44.789999962,100.0
901,32,2022-04-05 14:58:49.789999962,100.0
902,32,2022-04-05 14:58:54.789999962,100.0
903,32,2022-04-05 14:58:59.789999962,100.0
904,32,2022-04-05 14:59:04.789999962,100.0
905,32,2022-04-05 14:59:09.789999962,100.0
906,32,2022-04-05 14:59:14.789999962,100.0
907,32,2022-04-05 14:59:19.789999962,70.39999999999964
908,32,2022-04-05 14:59:24.789999962,0.20000000000436557
909,32,2022-04-05 14:59:29.789999962,0.41991601679627877
910,32,2022-04-05 14:59:34.789999962,0.18003600719670487
911,32,2022-04-05 14:59:39.789999962,0.20000000000436557
912,32,2022-04-05 14:59:44.789999962,0.19999999999527063
913,32,2022-04-05 14:59:49.789999962,0.20000000000436557
914,32,2022-04-05 14:59:54.789999962,0.19999999999527063
915,32,2022-04-05 14:59:59.789999962,0.2199560088026118
916,32,2022-04-05 15:00:04.789999962,0.18003600719670487
917,32,2022-04-05 15:00:09.789999962,0.20000000000436557
918,33,2022-04-05 14:57:24.789999962,0.19999999999527063
919,33,2022-04-05 14:57:29.789999962,0.3601440576317856
920,33,2022-04-05 14:57:34.789999962,0.23990403837991892
921,33,2022-04-05 14:57:39.789999962,0.1600640256146164
922,33,2022-04-05 14:57:44.789999962,0.23990403837991892
923,33,2022-04-05 14:57:49.789999962,0.2199560088026118
924,33,2022-04-05 14:57:54.789999962,0.18003600719670487
925,33,2022-04-05 14:57:59.789999962,0.20000000000436557
926,33,2022-04-05 14:58:04.789999962,0.19999999999527063
927,33,2022-04-05 14:58:09.789999962,0.41991601679627877
928,33,2022-04-05 14:58:14.789999962,0.18003600720579982
929,33,2022-04-05 14:58:19.789999962,0.19999999999527063
930,33,2022-04-05 14:58:24.789999962,0.20000000000436557
931,33,2022-04-05 14:58:29.789999962,0.19999999999527063
932,33,2022-04-05 14:58:34.789999962,93.60000000000582
933,33,2022-04-05 14:58:39.789999962,100.0
934,33,2022-04-05 14:58:44.789999962,100.0
935,33,2022-04-05 14:58:49.789999962,100.0
936,33,2022-04-05 14:58:54.789999962,100.0
937,33,2022-04-05 14:58:59.789999962,100.0
938,33,2022-04-05 14:59:04.789999962,100.0
939,33,2022-04-05 14:59:09.789999962,100.0
940,33,2022-04-05 14:59:14.789999962,100.0
941,33,2022-04-05 14:59:19.789999962,72.59999999999309
942,33,2022-04-05 14:59:24.789999962,0.20000000000436557
943,33,2022-04-05 14:59:29.789999962,0.21995600879351684
944,33,2022-04-05 14:59:34.789999962,0.18003600720579982
945,33,2022-04-05 14:59:39.789999962,0.19999999999527063
946,33,2022-04-05 14:59:44.789999962,0.20000000000436557
947,33,2022-04-05 14:59:49.789999962,0.20000000000436557
948,33,2022-04-05 14:59:54.789999962,0.3999999999996362
949,33,2022-04-05 14:59:59.789999962,0.21995600879351684
950,33,2022-04-05 15:00:04.789999962,0.18003600720579982
951,33,2022-04-05 15:00:09.789999962,0.19999999999527063
952,34,2022-04-05 14:57:24.789999962,0.19999999999527063
953,34,2022-04-05 14:57:29.789999962,0.36014405762269064
954,34,2022-04-05 14:57:34.789999962,0.23990403838899965
955,34,2022-04-05 14:57:39.789999962,0.36014405762269064
956,34,2022-04-05 14:57:44.789999962,0.23990403837991892
957,34,2022-04-05 14:57:49.789999962,0.2199560088026118
958,34,2022-04-05 14:57:54.789999962,0.18003600719670487
959,34,2022-04-05 14:57:59.789999962,0.20000000000436557
960,34,2022-04-05 14:58:04.789999962,0.19999999999527063
961,34,2022-04-05 14:58:09.789999962,0.2199560088026118
962,34,2022-04-05 14:58:14.789999962,0.3800760152026612
963,34,2022-04-05 14:58:19.789999962,0.19999999999527063
964,34,2022-04-05 14:58:24.789999962,0.20000000000436557
965,34,2022-04-05 14:58:29.789999962,0.20000000000436557
966,34,2022-04-05 14:58:34.789999962,93.799999999992
967,34,2022-04-05 14:58:39.789999962,100.0
968,34,2022-04-05 14:58:44.789999962,100.0
969,34,2022-04-05 14:58:49.789999962,100.0
970,34,2022-04-05 14:58:54.789999962,100.0
971,34,2022-04-05 14:58:59.789999962,100.0
972,34,2022-04-05 14:59:04.789999962,100.0
973,34,2022-04-05 14:59:09.789999962,100.0
974,34,2022-04-05 14:59:14.789999962,100.0
975,34,2022-04-05 14:59:19.789999962,72.60000000000218
976,34,2022-04-05 14:59:24.789999962,0.20000000000436557
977,34,2022-04-05 14:59:29.789999962,0.21995600879351684
978,34,2022-04-05 14:59:34.789999962,0.18003600720579982
979,34,2022-04-05 14:59:39.789999962,0.19999999999527063
980,34,2022-04-05 14:59:44.789999962,0.20000000000436557
981,34,2022-04-05 14:59:49.789999962,0.19999999999527063
982,34,2022-04-05 14:59:54.789999962,0.20000000000436557
983,34,2022-04-05 14:59:59.789999962,0.21995600879351684
984,34,2022-04-05 15:00:04.789999962,0.18003600720579982
985,34,2022-04-05 15:00:09.789999962,0.19999999999527063
986,35,2022-04-05 14:57:24.789999962,0.20000000000436557
987,35,2022-04-05 14:57:29.789999962,0.36014405762269064
988,35,2022-04-05 14:57:34.789999962,0.23990403837991892
989,35,2022-04-05 14:57:39.789999962,0.1600640256146164
990,35,2022-04-05 14:57:44.789999962,0.4398240703714862
991,35,2022-04-05 14:57:49.789999962,0.21995600879351684
992,35,2022-04-05 14:57:54.789999962,0.18003600720579982
993,35,2022-04-05 14:57:59.789999962,0.19999999999527063
994,35,2022-04-05 14:58:04.789999962,0.20000000000436557
995,35,2022-04-05 14:58:09.789999962,0.21995600879351684
996,35,2022-04-05 14:58:14.789999962,0.18003600720579982
997,35,2022-04-05 14:58:19.789999962,0.19999999999527063
998,35,2022-04-05 14:58:24.789999962,0.3999999999996362
999,35,2022-04-05 14:58:29.789999962,0.20000000000436557
1000,35,2022-04-05 14:58:34.789999962,93.80000000000109
1001,35,2022-04-05 14:58:39.789999962,100.0
1002,35,2022-04-05 14:58:44.789999962,100.0
1003,35,2022-04-05 14:58:49.789999962,100.0
1004,35,2022-04-05 14:58:54.789999962,100.0
1005,35,2022-04-05 14:58:59.789999962,100.0
1006,35,2022-04-05 14:59:04.789999962,100.0
1007,35,2022-04-05 14:59:09.789999962,100.0
1008,35,2022-04-05 14:59:14.789999962,100.0
1009,35,2022-04-05 14:59:19.789999962,73.80000000000109
1010,35,2022-04-05 14:59:24.789999962,0.0
1011,35,2022-04-05 14:59:29.789999962,0.61987602478996
1012,35,2022-04-05 14:59:34.789999962,0.18003600720579982
1013,35,2022-04-05 14:59:39.789999962,0.19999999999527063
1014,35,2022-04-05 14:59:44.789999962,0.20000000000436557
1015,35,2022-04-05 14:59:49.789999962,0.19999999999527063
1016,35,2022-04-05 14:59:54.789999962,0.3999999999996362
1017,35,2022-04-05 14:59:59.789999962,0.019996000799849867
1018,35,2022-04-05 15:00:04.789999962,0.18003600720579982
1019,35,2022-04-05 15:00:09.789999962,0.19999999999527063
1020,36,2022-04-05 14:57:24.789999962,0.20000000000436557
1021,36,2022-04-05 14:57:29.789999962,0.36014405762269064
1022,36,2022-04-05 14:57:34.789999962,0.4398240703714862
1023,36,2022-04-05 14:57:39.789999962,0.16006402560552146
1024,36,2022-04-05 14:57:44.789999962,0.4398240703714862
1025,36,2022-04-05 14:57:49.789999962,0.019996000799849867
1026,36,2022-04-05 14:57:54.789999962,0.3800760152026612
1027,36,2022-04-05 14:57:59.789999962,0.20000000000436557
1028,36,2022-04-05 14:58:04.789999962,0.19999999999527063
1029,36,2022-04-05 14:58:09.789999962,0.2199560088026118
1030,36,2022-04-05 14:58:14.789999962,0.18003600719670487
1031,36,2022-04-05 14:58:19.789999962,0.20000000000436557
1032,36,2022-04-05 14:58:24.789999962,0.20000000000436557
1033,36,2022-04-05 14:58:29.789999962,0.19999999999527063
1034,36,2022-04-05 14:58:34.789999962,93.59999999999673
1035,36,2022-04-05 14:58:39.789999962,100.0
1036,36,2022-04-05 14:58:44.789999962,100.0
1037,36,2022-04-05 14:58:49.789999962,100.0
1038,36,2022-04-05 14:58:54.789999962,100.0
1039,36,2022-04-05 14:58:59.789999962,100.0
1040,36,2022-04-05 14:59:04.789999962,100.0
1041,36,2022-04-05 14:59:09.789999962,100.0
1042,36,2022-04-05 14:59:14.789999962,100.0
1043,36,2022-04-05 14:59:19.789999962,74.4000000000051
1044,36,2022-04-05 14:59:24.789999962,0.19999999999527063
1045,36,2022-04-05 14:59:29.789999962,0.41991601679627877
1046,36,2022-04-05 14:59:34.789999962,0.18003600720579982
1047,36,2022-04-05 14:59:39.789999962,0.19999999999527063
1048,36,2022-04-05 14:59:44.789999962,0.20000000000436557
1049,36,2022-04-05 14:59:49.789999962,0.19999999999527063
1050,36,2022-04-05 14:59:54.789999962,0.20000000000436557
1051,36,2022-04-05 14:59:59.789999962,0.2199560088026118
1052,36,2022-04-05 15:00:04.789999962,0.18003600719670487
1053,36,2022-04-05 15:00:09.789999962,0.20000000000436557
1054,37,2022-04-05 14:57:24.789999962,0.20000000000436557
1055,37,2022-04-05 14:57:29.789999962,0.16006402560552146
1056,37,2022-04-05 14:57:34.789999962,0.4398240703714862
1057,37,2022-04-05 14:57:39.789999962,0.1600640256146164
1058,37,2022-04-05 14:57:44.789999962,0.23990403837991892
1059,37,2022-04-05 14:57:49.789999962,0.2199560088026118
1060,37,2022-04-05 14:57:54.789999962,0.18003600719670487
1061,37,2022-04-05 14:57:59.789999962,0.20000000000436557
1062,37,2022-04-05 14:58:04.789999962,0.3999999999996362
1063,37,2022-04-05 14:58:09.789999962,0.21995600879351684
1064,37,2022-04-05 14:58:14.789999962,0.18003600720579982
1065,37,2022-04-05 14:58:19.789999962,0.3999999999996362
1066,37,2022-04-05 14:58:24.789999962,0.19999999999527063
1067,37,2022-04-05 14:58:29.789999962,0.20000000000436557
1068,37,2022-04-05 14:58:34.789999962,93.59999999999673
1069,37,2022-04-05 14:58:39.789999962,100.0
1070,37,2022-04-05 14:58:44.789999962,100.0
1071,37,2022-04-05 14:58:49.789999962,100.0
1072,37,2022-04-05 14:58:54.789999962,100.0
1073,37,2022-04-05 14:58:59.789999962,100.0
1074,37,2022-04-05 14:59:04.789999962,100.0
1075,37,2022-04-05 14:59:09.789999962,100.0
1076,37,2022-04-05 14:59:14.789999962,100.0
1077,37,2022-04-05 14:59:19.789999962,74.60000000000036
1078,37,2022-04-05 14:59:24.789999962,0.20000000000436557
1079,37,2022-04-05 14:59:29.789999962,0.61987602478996
1080,37,2022-04-05 14:59:34.789999962,0.18003600720579982
1081,37,2022-04-05 14:59:39.789999962,0.19999999999527063
1082,37,2022-04-05 14:59:44.789999962,0.20000000000436557
1083,37,2022-04-05 14:59:49.789999962,0.3999999999996362
1084,37,2022-04-05 14:59:54.789999962,0.19999999999527063
1085,37,2022-04-05 14:59:59.789999962,0.2199560088026118
1086,37,2022-04-05 15:00:04.789999962,0.18003600719670487
1087,37,2022-04-05 15:00:09.789999962,0.20000000000436557
1088,38,2022-04-05 14:57:24.789999962,0.19999999999527063
1089,38,2022-04-05 14:57:29.789999962,0.36014405762269064
1090,38,2022-04-05 14:57:34.789999962,0.23990403838899965
1091,38,2022-04-05 14:57:39.789999962,0.16006402560552146
1092,38,2022-04-05 14:57:44.789999962,0.4398240703714862
1093,38,2022-04-05 14:57:49.789999962,0.2199560088026118
1094,38,2022-04-05 14:57:54.789999962,0.18003600719670487
1095,38,2022-04-05 14:57:59.789999962,0.20000000000436557
1096,38,2022-04-05 14:58:04.789999962,0.19999999999527063
1097,38,2022-04-05 14:58:09.789999962,0.2199560088026118
1098,38,2022-04-05 14:58:14.789999962,0.3800760152026612
1099,38,2022-04-05 14:58:19.789999962,0.0
1100,38,2022-04-05 14:58:24.789999962,0.19999999999527063
1101,38,2022-04-05 14:58:29.789999962,0.20000000000436557
1102,38,2022-04-05 14:58:34.789999962,93.59999999999673
1103,38,2022-04-05 14:58:39.789999962,100.0
1104,38,2022-04-05 14:58:44.789999962,100.0
1105,38,2022-04-05 14:58:49.789999962,100.0
1106,38,2022-04-05 14:58:54.789999962,100.0
1107,38,2022-04-05 14:58:59.789999962,100.0
1108,38,2022-04-05 14:59:04.789999962,100.0
1109,38,2022-04-05 14:59:09.789999962,100.0
1110,38,2022-04-05 14:59:14.789999962,100.0
1111,38,2022-04-05 14:59:19.789999962,90.600000000004
1112,38,2022-04-05 14:59:24.789999962,0.19999999999527063
1113,38,2022-04-05 14:59:29.789999962,0.41991601679627877
1114,38,2022-04-05 14:59:34.789999962,0.18003600720579982
1115,38,2022-04-05 14:59:39.789999962,0.19999999999527063
1116,38,2022-04-05 14:59:44.789999962,0.20000000000436557
1117,38,2022-04-05 14:59:49.789999962,0.19999999999527063
1118,38,2022-04-05 14:59:54.789999962,0.20000000000436557
1119,38,2022-04-05 14:59:59.789999962,0.21995600879351684
1120,38,2022-04-05 15:00:04.789999962,0.3800760152026612
1121,38,2022-04-05 15:00:09.789999962,0.0
1122,39,2022-04-05 14:57:24.789999962,0.20000000000436557
1123,39,2022-04-05 14:57:29.789999962,0.36014405762269064
1124,39,2022-04-05 14:57:34.789999962,0.23990403838899965
1125,39,2022-04-05 14:57:39.789999962,0.16006402560552146
1126,39,2022-04-05 14:57:44.789999962,0.23990403838899965
1127,39,2022-04-05 14:57:49.789999962,0.21995600879351684
1128,39,2022-04-05 14:57:54.789999962,0.18003600720579982
1129,39,2022-04-05 14:57:59.789999962,0.3999999999996362
1130,39,2022-04-05 14:58:04.789999962,0.19999999999527063
1131,39,2022-04-05 14:58:09.789999962,0.2199560088026118
1132,39,2022-04-05 14:58:14.789999962,0.18003600719670487
1133,39,2022-04-05 14:58:19.789999962,0.20000000000436557
1134,39,2022-04-05 14:58:24.789999962,0.19999999999527063
1135,39,2022-04-05 14:58:29.789999962,0.20000000000436557
1136,39,2022-04-05 14:58:34.789999962,93.59999999999673
1137,39,2022-04-05 14:58:39.789999962,100.0
1138,39,2022-04-05 14:58:44.789999962,100.0
1139,39,2022-04-05 14:58:49.789999962,100.0
1140,39,2022-04-05 14:58:54.789999962,100.0
1141,39,2022-04-05 14:58:59.789999962,100.0
1142,39,2022-04-05 14:59:04.789999962,100.0
1143,39,2022-04-05 14:59:09.789999962,100.0
1144,39,2022-04-05 14:59:14.789999962,100.0
1145,39,2022-04-05 14:59:19.789999962,73.60000000000582
1146,39,2022-04-05 14:59:24.789999962,0.19999999999527063
1147,39,2022-04-05 14:59:29.789999962,0.2199560088026118
1148,39,2022-04-05 14:59:34.789999962,0.18003600719670487
1149,39,2022-04-05 14:59:39.789999962,0.20000000000436557
1150,39,2022-04-05 14:59:44.789999962,0.19999999999527063
1151,39,2022-04-05 14:59:49.789999962,0.3999999999996362
1152,39,2022-04-05 14:59:54.789999962,0.20000000000436557
1153,39,2022-04-05 14:59:59.789999962,0.019996000799849867
1154,39,2022-04-05 15:00:04.789999962,0.18003600719670487
1155,39,2022-04-05 15:00:09.789999962,0.3999999999996362
1156,4,2022-04-05 14:57:24.789999962,0.0
1157,4,2022-04-05 14:57:29.789999962,1.1604641856731774
1158,4,2022-04-05 14:57:34.789999962,0.23990403838899965
1159,4,2022-04-05 14:57:39.789999962,0.16006402560552146
1160,4,2022-04-05 14:57:44.789999962,0.23990403838899965
1161,4,2022-04-05 14:57:49.789999962,0.21995600879351684
1162,4,2022-04-05 14:57:54.789999962,0.18003600720579982
1163,4,2022-04-05 14:57:59.789999962,0.19999999999527063
1164,4,2022-04-05 14:58:04.789999962,0.20000000000436557
1165,4,2022-04-05 14:58:09.789999962,0.41991601679627877
1166,4,2022-04-05 14:58:14.789999962,0.18003600719670487
1167,4,2022-04-05 14:58:19.789999962,0.20000000000436557
1168,4,2022-04-05 14:58:24.789999962,0.20000000000436557
1169,4,2022-04-05 14:58:29.789999962,0.19999999999527063
1170,4,2022-04-05 14:58:34.789999962,94.20000000000073
1171,4,2022-04-05 14:58:39.789999962,100.0
1172,4,2022-04-05 14:58:44.789999962,100.0
1173,4,2022-04-05 14:58:49.789999962,100.0
1174,4,2022-04-05 14:58:54.789999962,100.0
1175,4,2022-04-05 14:58:59.789999962,100.0
1176,4,2022-04-05 14:59:04.789999962,100.0
1177,4,2022-04-05 14:59:09.789999962,100.0
1178,4,2022-04-05 14:59:14.789999962,100.0
1179,4,2022-04-05 14:59:19.789999962,73.40000000000146
1180,4,2022-04-05 14:59:24.789999962,0.19999999999527063
1181,4,2022-04-05 14:59:29.789999962,0.2199560088026118
1182,4,2022-04-05 14:59:34.789999962,0.18003600719670487
1183,4,2022-04-05 14:59:39.789999962,0.20000000000436557
1184,4,2022-04-05 14:59:44.789999962,0.19999999999527063
1185,4,2022-04-05 14:59:49.789999962,0.20000000000436557
1186,4,2022-04-05 14:59:54.789999962,0.19999999999527063
1187,4,2022-04-05 14:59:59.789999962,0.2199560088026118
1188,4,2022-04-05 15:00:04.789999962,0.3800760152026612
1189,4,2022-04-05 15:00:09.789999962,0.20000000000436557
1190,5,2022-04-05 14:57:24.789999962,0.19999999999527063
1191,5,2022-04-05 14:57:29.789999962,0.5602240896398598
1192,5,2022-04-05 14:57:34.789999962,0.23990403837991892
1193,5,2022-04-05 14:57:39.789999962,0.1600640256146164
1194,5,2022-04-05 14:57:44.789999962,0.23990403838899965
1195,5,2022-04-05 14:57:49.789999962,0.21995600879351684
1196,5,2022-04-05 14:57:54.789999962,0.18003600720579982
1197,5,2022-04-05 14:57:59.789999962,0.19999999999527063
1198,5,2022-04-05 14:58:04.789999962,0.20000000000436557
1199,5,2022-04-05 14:58:09.789999962,0.21995600879351684
1200,5,2022-04-05 14:58:14.789999962,0.18003600720579982
1201,5,2022-04-05 14:58:19.789999962,0.19999999999527063
1202,5,2022-04-05 14:58:24.789999962,0.20000000000436557
1203,5,2022-04-05 14:58:29.789999962,0.0
1204,5,2022-04-05 14:58:34.789999962,93.59999999999673
1205,5,2022-04-05 14:58:39.789999962,100.0
1206,5,2022-04-05 14:58:44.789999962,100.0
1207,5,2022-04-05 14:58:49.789999962,100.0
1208,5,2022-04-05 14:58:54.789999962,100.0
1209,5,2022-04-05 14:58:59.789999962,100.0
1210,5,2022-04-05 14:59:04.789999962,100.0
1211,5,2022-04-05 14:59:09.789999962,100.0
1212,5,2022-04-05 14:59:14.789999962,100.0
1213,5,2022-04-05 14:59:19.789999962,79.80000000000473
1214,5,2022-04-05 14:59:24.789999962,0.19999999999527063
1215,5,2022-04-05 14:59:29.789999962,0.2199560088026118
1216,5,2022-04-05 14:59:34.789999962,0.18003600719670487
1217,5,2022-04-05 14:59:39.789999962,0.20000000000436557
1218,5,2022-04-05 14:59:44.789999962,0.19999999999527063
1219,5,2022-04-05 14:59:49.789999962,0.20000000000436557
1220,5,2022-04-05 14:59:54.789999962,0.19999999999527063
1221,5,2022-04-05 14:59:59.789999962,0.41991601679627877
1222,5,2022-04-05 15:00:04.789999962,0.18003600720579982
1223,5,2022-04-05 15:00:09.789999962,0.19999999999527063
1224,6,2022-04-05 14:57:24.789999962,0.20000000000436557
1225,6,2022-04-05 14:57:29.789999962,0.36014405762269064
1226,6,2022-04-05 14:57:34.789999962,0.03998400639744659
1227,6,2022-04-05 14:57:39.789999962,0.36014405762269064
1228,6,2022-04-05 14:57:44.789999962,0.23990403837991892
1229,6,2022-04-05 14:57:49.789999962,0.2199560088026118
1230,6,2022-04-05 14:57:54.789999962,0.3800760152026612
1231,6,2022-04-05 14:57:59.789999962,0.20000000000436557
1232,6,2022-04-05 14:58:04.789999962,0.19999999999527063
1233,6,2022-04-05 14:58:09.789999962,0.2199560088026118
1234,6,2022-04-05 14:58:14.789999962,0.18003600719670487
1235,6,2022-04-05 14:58:19.789999962,0.20000000000436557
1236,6,2022-04-05 14:58:24.789999962,0.19999999999527063
1237,6,2022-04-05 14:58:29.789999962,0.20000000000436557
1238,6,2022-04-05 14:58:34.789999962,93.59999999999673
1239,6,2022-04-05 14:58:39.789999962,100.0
1240,6,2022-04-05 14:58:44.789999962,100.0
1241,6,2022-04-05 14:58:49.789999962,100.0
1242,6,2022-04-05 14:58:54.789999962,100.0
1243,6,2022-04-05 14:58:59.789999962,100.0
1244,6,2022-04-05 14:59:04.789999962,100.0
1245,6,2022-04-05 14:59:09.789999962,100.0
1246,6,2022-04-05 14:59:14.789999962,100.0
1247,6,2022-04-05 14:59:19.789999962,73.40000000000146
1248,6,2022-04-05 14:59:24.789999962,0.0
1249,6,2022-04-05 14:59:29.789999962,0.41991601679627877
1250,6,2022-04-05 14:59:34.789999962,0.18003600719670487
1251,6,2022-04-05 14:59:39.789999962,0.20000000000436557
1252,6,2022-04-05 14:59:44.789999962,0.19999999999527063
1253,6,2022-04-05 14:59:49.789999962,0.20000000000436557
1254,6,2022-04-05 14:59:54.789999962,0.20000000000436557
1255,6,2022-04-05 14:59:59.789999962,0.21995600879351684
1256,6,2022-04-05 15:00:04.789999962,0.18003600720579982
1257,6,2022-04-05 15:00:09.789999962,0.19999999999527063
1258,7,2022-04-05 14:57:24.789999962,0.20000000000436557
1259,7,2022-04-05 14:57:29.789999962,0.5602240896307649
1260,7,2022-04-05 14:57:34.789999962,0.03998400639744659
1261,7,2022-04-05 14:57:39.789999962,0.36014405762269064
1262,7,2022-04-05 14:57:44.789999962,0.23990403838899965
1263,7,2022-04-05 14:57:49.789999962,0.21995600879351684
1264,7,2022-04-05 14:57:54.789999962,0.18003600720579982
1265,7,2022-04-05 14:57:59.789999962,0.20000000000436557
1266,7,2022-04-05 14:58:04.789999962,0.5999999999949068
1267,7,2022-04-05 14:58:09.789999962,0.2199560088026118
1268,7,2022-04-05 14:58:14.789999962,0.18003600719670487
1269,7,2022-04-05 14:58:19.789999962,0.20000000000436557
1270,7,2022-04-05 14:58:24.789999962,0.19999999999527063
1271,7,2022-04-05 14:58:29.789999962,0.20000000000436557
1272,7,2022-04-05 14:58:34.789999962,93.59999999999673
1273,7,2022-04-05 14:58:39.789999962,100.0
1274,7,2022-04-05 14:58:44.789999962,100.0
1275,7,2022-04-05 14:58:49.789999962,100.0
1276,7,2022-04-05 14:58:54.789999962,100.0
1277,7,2022-04-05 14:58:59.789999962,100.0
1278,7,2022-04-05 14:59:04.789999962,100.0
1279,7,2022-04-05 14:59:09.789999962,100.0
1280,7,2022-04-05 14:59:14.789999962,100.0
1281,7,2022-04-05 14:59:19.789999962,76.99999999999818
1282,7,2022-04-05 14:59:24.789999962,0.0
1283,7,2022-04-05 14:59:29.789999962,0.41991601679627877
1284,7,2022-04-05 14:59:34.789999962,0.18003600720579982
1285,7,2022-04-05 14:59:39.789999962,0.19999999999527063
1286,7,2022-04-05 14:59:44.789999962,0.0
1287,7,2022-04-05 14:59:49.789999962,0.3999999999996362
1288,7,2022-04-05 14:59:54.789999962,0.20000000000436557
1289,7,2022-04-05 14:59:59.789999962,0.21995600879351684
1290,7,2022-04-05 15:00:04.789999962,0.3800760152026612
1291,7,2022-04-05 15:00:09.789999962,0.20000000000436557
1292,8,2022-04-05 14:57:24.789999962,0.19999999999527063
1293,8,2022-04-05 14:57:29.789999962,0.5602240896398598
1294,8,2022-04-05 14:57:34.789999962,0.23990403837991892
1295,8,2022-04-05 14:57:39.789999962,0.36014405762269064
1296,8,2022-04-05 14:57:44.789999962,0.03998400639744659
1297,8,2022-04-05 14:57:49.789999962,0.2199560088026118
1298,8,2022-04-05 14:57:54.789999962,0.18003600719670487
1299,8,2022-04-05 14:57:59.789999962,0.3999999999996362
1300,8,2022-04-05 14:58:04.789999962,0.0
1301,8,2022-04-05 14:58:09.789999962,0.4199160168053737
1302,8,2022-04-05 14:58:14.789999962,0.18003600719670487
1303,8,2022-04-05 14:58:19.789999962,0.20000000000436557
1304,8,2022-04-05 14:58:24.789999962,0.19999999999527063
1305,8,2022-04-05 14:58:29.789999962,0.20000000000436557
1306,8,2022-04-05 14:58:34.789999962,93.39999999999236
1307,8,2022-04-05 14:58:39.789999962,100.0
1308,8,2022-04-05 14:58:44.789999962,100.0
1309,8,2022-04-05 14:58:49.789999962,100.0
1310,8,2022-04-05 14:58:54.789999962,100.0
1311,8,2022-04-05 14:58:59.789999962,100.0
1312,8,2022-04-05 14:59:04.789999962,100.0
1313,8,2022-04-05 14:59:09.789999962,100.0
1314,8,2022-04-05 14:59:14.789999962,100.0
1315,8,2022-04-05 14:59:19.789999962,73.60000000000582
1316,8,2022-04-05 14:59:24.789999962,0.19999999999527063
1317,8,2022-04-05 14:59:29.789999962,0.2199560088026118
1318,8,2022-04-05 14:59:34.789999962,0.18003600719670487
1319,8,2022-04-05 14:59:39.789999962,0.0
1320,8,2022-04-05 14:59:44.789999962,0.20000000000436557
1321,8,2022-04-05 14:59:49.789999962,0.19999999999527063
1322,8,2022-04-05 14:59:54.789999962,0.20000000000436557
1323,8,2022-04-05 14:59:59.789999962,0.21995600879351684
1324,8,2022-04-05 15:00:04.789999962,0.18003600720579982
1325,8,2022-04-05 15:00:09.789999962,0.19999999999527063
1326,9,2022-04-05 14:57:24.789999962,0.20000000000436557
1327,9,2022-04-05 14:57:29.789999962,0.16006402560552146
1328,9,2022-04-05 14:57:34.789999962,0.23990403838899965
1329,9,2022-04-05 14:57:39.789999962,0.36014405762269064
1330,9,2022-04-05 14:57:44.789999962,0.23990403837991892
1331,9,2022-04-05 14:57:49.789999962,0.41991601679627877
1332,9,2022-04-05 14:57:54.789999962,0.18003600720579982
1333,9,2022-04-05 14:57:59.789999962,0.19999999999527063
1334,9,2022-04-05 14:58:04.789999962,0.20000000000436557
1335,9,2022-04-05 14:58:09.789999962,0.2199560088026118
1336,9,2022-04-05 14:58:14.789999962,0.18003600719670487
1337,9,2022-04-05 14:58:19.789999962,0.20000000000436557
1338,9,2022-04-05 14:58:24.789999962,0.19999999999527063
1339,9,2022-04-05 14:58:29.789999962,0.0
1340,9,2022-04-05 14:58:34.789999962,93.40000000000146
1341,9,2022-04-05 14:58:39.789999962,100.0
1342,9,2022-04-05 14:58:44.789999962,100.0
1343,9,2022-04-05 14:58:49.789999962,100.0
1344,9,2022-04-05 14:58:54.789999962,100.0
1345,9,2022-04-05 14:58:59.789999962,100.0
1346,9,2022-04-05 14:59:04.789999962,100.0
1347,9,2022-04-05 14:59:09.789999962,100.0
1348,9,2022-04-05 14:59:14.789999962,100.0
1349,9,2022-04-05 14:59:19.789999962,72.79999999999745
1350,9,2022-04-05 14:59:24.789999962,0.20000000000436557
1351,9,2022-04-05 14:59:29.789999962,0.21995600879351684
1352,9,2022-04-05 14:59:34.789999962,0.18003600720579982
1353,9,2022-04-05 14:59:39.789999962,0.19999999999527063
1354,9,2022-04-05 14:59:44.789999962,0.20000000000436557
1355,9,2022-04-05 14:59:49.789999962,0.19999999999527063
1356,9,2022-04-05 14:59:54.789999962,0.20000000000436557
1357,9,2022-04-05 14:59:59.789999962,0.21995600879351684
1358,9,2022-04-05 15:00:04.789999962,0.18003600720579982
1359,9,2022-04-05 15:00:09.789999962,0.19999999999527063
